1101,台泥,5年,平均值利率是：5.493%,平均股價是：36.46千,平均盈餘是：2.016千
1102,亞泥,5年,平均值利率是：4.594%,平均股價是：35.31千,平均盈餘是：1.64千
1103,嘉泥,5年,平均值利率是：3.176%,平均股價是：11.934千,平均盈餘是：0.42千
1104,環泥,5年,平均值利率是：5.03%,平均股價是：21.26千,平均盈餘是：1.06千
1108,幸福,0年,平均值利率是：0%,平均股價是：21.26千,平均盈餘是：1.06千
1109,信大,5年,平均值利率是：1.939%,平均股價是：13.13千,平均盈餘是：0.28千
1110,東泥,5年,平均值利率是：0.949%,平均股價是：14.97千,平均盈餘是：0.14千
1201,味全,1年,平均值利率是：2.68%,平均股價是：29.85千,平均盈餘是：0.8千
1203,味王,5年,平均值利率是：4.595%,平均股價是：23.24千,平均盈餘是：1.06千
1210,大成,5年,平均值利率是：4.567%,平均股價是：29.7千,平均盈餘是：1.34千
1213,大飲,0年,平均值利率是：0%,平均股價是：29.7千,平均盈餘是：1.34千
1215,卜蜂,5年,平均值利率是：4.737%,平均股價是：51.11千,平均盈餘是：2.4千
1216,統一,5年,平均值利率是：4.028%,平均股價是：65.16千,平均盈餘是：2.7千
1217,愛之味,0年,平均值利率是：0%,平均股價是：65.16千,平均盈餘是：2.7千
1218,泰山,2年,平均值利率是：2.986%,平均股價是：19.7千,平均盈餘是：0.6千
1219,福壽,5年,平均值利率是：1.354%,平均股價是：16.74千,平均盈餘是：0.226千
1220,台榮,5年,平均值利率是：4.28%,平均股價是：10.83千,平均盈餘是：0.462千
1225,福懋油,5年,平均值利率是：1.826%,平均股價是：53.2千,平均盈餘是：0.98千
1227,佳格,5年,平均值利率是：2.811%,平均股價是：68.58千,平均盈餘是：1.86千
1229,聯華,5年,平均值利率是：5.972%,平均股價是：26.56千,平均盈餘是：1.52千
1231,聯華食,5年,平均值利率是：4.252%,平均股價是：33.47千,平均盈餘是：1.434千
1232,大統益,5年,平均值利率是：5.697%,平均股價是：91.12千,平均盈餘是：5.0千
1233,天仁,5年,平均值利率是：5.164%,平均股價是：37.69千,平均盈餘是：1.946千
1234,黑松,5年,平均值利率是：4.907%,平均股價是：31.87千,平均盈餘是：1.56千
1235,興泰,0年,平均值利率是：0%,平均股價是：31.87千,平均盈餘是：1.56千
1236,宏亞,5年,平均值利率是：2.914%,平均股價是：17.9千,平均盈餘是：0.56千
1256,鮮活果汁-KY,5年,平均值利率是：3.138%,平均股價是：162.3千,平均盈餘是：4.98千
1262,綠悅-KY,0年,平均值利率是：0%,平均股價是：162.3千,平均盈餘是：4.98千
1301,台塑,5年,平均值利率是：4.605%,平均股價是：89.94千,平均盈餘是：4.28千
1303,南亞,5年,平均值利率是：5.606%,平均股價是：71.2千,平均盈餘是：4.04千
1304,台聚,5年,平均值利率是：3.118%,平均股價是：12.84千,平均盈餘是：0.4千
1305,華夏,5年,平均值利率是：5.141%,平均股價是：21.41千,平均盈餘是：1.18千
1307,三芳,5年,平均值利率是：4.643%,平均股價是：32.33千,平均盈餘是：1.54千
1308,亞聚,5年,平均值利率是：2.419%,平均股價是：16.25千,平均盈餘是：0.4千
1309,台達化,1年,平均值利率是：1.951%,平均股價是：10.25千,平均盈餘是：0.2千
1310,台苯,4年,平均值利率是：8.157%,平均股價是：20.475千,平均盈餘是：1.7千
1312,國喬,0年,平均值利率是：0%,平均股價是：20.475千,平均盈餘是：1.7千
1313,聯成,5年,平均值利率是：3.247%,平均股價是：12.1千,平均盈餘是：0.44千
1314,中石化,1年,平均值利率是：4.739%,平均股價是：10.55千,平均盈餘是：0.5千
1315,達新,5年,平均值利率是：4.342%,平均股價是：25.92千,平均盈餘是：1.12千
1316,上曜,2年,平均值利率是：9.155%,平均股價是：14.05千,平均盈餘是：1.29千
1319,東陽,5年,平均值利率是：3.396%,平均股價是：46.9千,平均盈餘是：1.602千
1321,大洋,0年,平均值利率是：0%,平均股價是：46.9千,平均盈餘是：1.602千
1323,永裕,5年,平均值利率是：5.213%,平均股價是：32.01千,平均盈餘是：1.65千
1324,地球,5年,平均值利率是：2.927%,平均股價是：11.62千,平均盈餘是：0.34千
1325,恆大,5年,平均值利率是：3.038%,平均股價是：18.3千,平均盈餘是：0.56千
1326,台化,5年,平均值利率是：4.816%,平均股價是：93.2千,平均盈餘是：4.7千
1337,再生-KY,0年,平均值利率是：0%,平均股價是：93.2千,平均盈餘是：4.7千
1338,廣華-KY,5年,平均值利率是：4.39%,平均股價是：96.08千,平均盈餘是：4.14千
1339,昭輝,5年,平均值利率是：4.153%,平均股價是：51.0千,平均盈餘是：2.0千
1340,勝悅-KY,5年,平均值利率是：1.89%,平均股價是：44.03千,平均盈餘是：0.94千
1341,富林-KY,1年,平均值利率是：1.818%,平均股價是：55.0千,平均盈餘是：1.0千
1402,遠東新,5年,平均值利率是：4.17%,平均股價是：28.45千,平均盈餘是：1.2千
1409,新纖,5年,平均值利率是：4.514%,平均股價是：10.0千,平均盈餘是：0.456千
1410,南染,5年,平均值利率是：5.579%,平均股價是：23.91千,平均盈餘是：1.33千
1413,宏洲,0年,平均值利率是：0%,平均股價是：23.91千,平均盈餘是：1.33千
1414,東和,5年,平均值利率是：3.471%,平均股價是：6.966千,平均盈餘是：0.244千
1416,廣豐,5年,平均值利率是：7.437%,平均股價是：17.76千,平均盈餘是：1.4千
1417,嘉裕,0年,平均值利率是：0%,平均股價是：17.76千,平均盈餘是：1.4千
1418,東華,0年,平均值利率是：0%,平均股價是：17.76千,平均盈餘是：1.4千
1419,新紡,5年,平均值利率是：2.688%,平均股價是：41.07千,平均盈餘是：1.14千
1423,利華,0年,平均值利率是：0%,平均股價是：41.07千,平均盈餘是：1.14千
1432,大魯閣,0年,平均值利率是：0%,平均股價是：41.07千,平均盈餘是：1.14千
1434,福懋,5年,平均值利率是：5.061%,平均股價是：31.79千,平均盈餘是：1.62千
1435,中福,0年,平均值利率是：0%,平均股價是：31.79千,平均盈餘是：1.62千
1436,華友聯,3年,平均值利率是：5.179%,平均股價是：35.633千,平均盈餘是：1.833千
1437,勤益控,3年,平均值利率是：2.149%,平均股價是：19.15千,平均盈餘是：0.417千
1438,裕豐,0年,平均值利率是：0%,平均股價是：19.15千,平均盈餘是：0.417千
1439,中和,0年,平均值利率是：0%,平均股價是：19.15千,平均盈餘是：0.417千
1440,南紡,5年,平均值利率是：2.636%,平均股價是：12.97千,平均盈餘是：0.34千
1441,大東,1年,平均值利率是：3.828%,平均股價是：10.45千,平均盈餘是：0.4千
1442,名軒,5年,平均值利率是：7.278%,平均股價是：18.27千,平均盈餘是：1.328千
1443,立益,0年,平均值利率是：0%,平均股價是：18.27千,平均盈餘是：1.328千
1444,力麗,2年,平均值利率是：4.539%,平均股價是：9.9千,平均盈餘是：0.45千
1445,大宇,5年,平均值利率是：2.628%,平均股價是：8.56千,平均盈餘是：0.24千
1446,宏和,5年,平均值利率是：0.497%,平均股價是：23.33千,平均盈餘是：0.1千
1447,力鵬,1年,平均值利率是：2.732%,平均股價是：7.32千,平均盈餘是：0.2千
1449,佳和,0年,平均值利率是：0%,平均股價是：7.32千,平均盈餘是：0.2千
1451,年興,5年,平均值利率是：6.728%,平均股價是：24.6千,平均盈餘是：1.66千
1452,宏益,5年,平均值利率是：6.413%,平均股價是：22.18千,平均盈餘是：1.36千
1453,大將,0年,平均值利率是：0%,平均股價是：22.18千,平均盈餘是：1.36千
1454,台富,5年,平均值利率是：3.46%,平均股價是：8.496千,平均盈餘是：0.3千
1455,集盛,5年,平均值利率是：2.674%,平均股價是：10.044千,平均盈餘是：0.26千
1456,怡華,0年,平均值利率是：0%,平均股價是：10.044千,平均盈餘是：0.26千
1457,宜進,5年,平均值利率是：4.89%,平均股價是：12.4千,平均盈餘是：0.6千
1459,聯發,0年,平均值利率是：0%,平均股價是：12.4千,平均盈餘是：0.6千
1460,宏遠,0年,平均值利率是：0%,平均股價是：12.4千,平均盈餘是：0.6千
1463,強盛,5年,平均值利率是：8.721%,平均股價是：18.59千,平均盈餘是：1.726千
1464,得力,5年,平均值利率是：3.55%,平均股價是：26.0千,平均盈餘是：0.946千
1465,偉全,5年,平均值利率是：4.097%,平均股價是：13.67千,平均盈餘是：0.542千
1466,聚隆,0年,平均值利率是：0%,平均股價是：13.67千,平均盈餘是：0.542千
1467,南緯,0年,平均值利率是：0%,平均股價是：13.67千,平均盈餘是：0.542千
1468,昶和,0年,平均值利率是：0%,平均股價是：13.67千,平均盈餘是：0.542千
1470,大統新創,5年,平均值利率是：2.9%,平均股價是：18.63千,平均盈餘是：0.53千
1471,首利,0年,平均值利率是：0%,平均股價是：18.63千,平均盈餘是：0.53千
1472,三洋紡,0年,平均值利率是：0%,平均股價是：18.63千,平均盈餘是：0.53千
1473,台南,5年,平均值利率是：3.583%,平均股價是：27.77千,平均盈餘是：1.0千
1474,弘裕,5年,平均值利率是：4.402%,平均股價是：10.232千,平均盈餘是：0.46千
1475,本盟,0年,平均值利率是：0%,平均股價是：10.232千,平均盈餘是：0.46千
1476,儒鴻,5年,平均值利率是：2.806%,平均股價是：360.6千,平均盈餘是：9.9千
1477,聚陽,5年,平均值利率是：4.35%,平均股價是：173.6千,平均盈餘是：7.224千
1503,士電,5年,平均值利率是：3.502%,平均股價是：40.14千,平均盈餘是：1.4千
1504,東元,5年,平均值利率是：3.771%,平均股價是：24.42千,平均盈餘是：0.908千
1506,正道,0年,平均值利率是：0%,平均股價是：24.42千,平均盈餘是：0.908千
1507,永大,5年,平均值利率是：4.675%,平均股價是：52.36千,平均盈餘是：2.38千
1512,瑞利,0年,平均值利率是：0%,平均股價是：52.36千,平均盈餘是：2.38千
1513,中興電,5年,平均值利率是：5.599%,平均股價是：18.86千,平均盈餘是：1.04千
1514,亞力,5年,平均值利率是：4.606%,平均股價是：11.86千,平均盈餘是：0.526千
1515,力山,4年,平均值利率是：2.708%,平均股價是：41.2千,平均盈餘是：1.05千
1516,川飛,0年,平均值利率是：0%,平均股價是：41.2千,平均盈餘是：1.05千
1517,利奇,5年,平均值利率是：3.25%,平均股價是：10.28千,平均盈餘是：0.33千
1519,華城,5年,平均值利率是：3.271%,平均股價是：18.78千,平均盈餘是：0.54千
1521,大億,5年,平均值利率是：6.094%,平均股價是：78.16千,平均盈餘是：4.7千
1522,堤維西,5年,平均值利率是：5.477%,平均股價是：27.69千,平均盈餘是：1.48千
1524,耿鼎,3年,平均值利率是：4.606%,平均股價是：10.517千,平均盈餘是：0.483千
1525,江申,5年,平均值利率是：2.373%,平均股價是：85.68千,平均盈餘是：1.86千
1526,日馳,4年,平均值利率是：3.526%,平均股價是：23.113千,平均盈餘是：0.8千
1527,鑽全,5年,平均值利率是：5.116%,平均股價是：69.81千,平均盈餘是：3.16千
1528,恩德,5年,平均值利率是：1.588%,平均股價是：10.228千,平均盈餘是：0.176千
1529,樂士,1年,平均值利率是：1.198%,平均股價是：16.7千,平均盈餘是：0.2千
1530,亞崴,5年,平均值利率是：4.327%,平均股價是：30.72千,平均盈餘是：1.33千
1531,高林股,5年,平均值利率是：3.826%,平均股價是：17.22千,平均盈餘是：0.66千
1532,勤美,5年,平均值利率是：6.138%,平均股價是：30.71千,平均盈餘是：1.9千
1533,車王電,5年,平均值利率是：1.049%,平均股價是：37.82千,平均盈餘是：0.38千
1535,中宇,5年,平均值利率是：4.815%,平均股價是：45.2千,平均盈餘是：2.33千
1536,和大,5年,平均值利率是：2.548%,平均股價是：126.7千,平均盈餘是：3.21千
1537,廣隆,5年,平均值利率是：5.915%,平均股價是：143.3千,平均盈餘是：8.5千
1538,正峰新,0年,平均值利率是：0%,平均股價是：143.3千,平均盈餘是：8.5千
1539,巨庭,5年,平均值利率是：4.822%,平均股價是：27.52千,平均盈餘是：1.218千
1540,喬福,5年,平均值利率是：6.263%,平均股價是：16.7千,平均盈餘是：1.064千
1541,錩泰,5年,平均值利率是：5.365%,平均股價是：39.31千,平均盈餘是：2.144千
1558,伸興,5年,平均值利率是：6.965%,平均股價是：136.9千,平均盈餘是：9.5千
1560,中砂,5年,平均值利率是：5.967%,平均股價是：61.3千,平均盈餘是：3.56千
1568,倉佑,5年,平均值利率是：3.304%,平均股價是：25.31千,平均盈餘是：0.83千
1582,信錦,5年,平均值利率是：8.675%,平均股價是：60.26千,平均盈餘是：5.19千
1583,程泰,5年,平均值利率是：3.536%,平均股價是：58.86千,平均盈餘是：2.1千
1587,吉茂,2年,平均值利率是：1.433%,平均股價是：18.575千,平均盈餘是：0.27千
1589,永冠-KY,0年,平均值利率是：0%,平均股價是：18.575千,平均盈餘是：0.27千
1590,亞德客-KY,5年,平均值利率是：2.007%,平均股價是：271.7千,平均盈餘是：5.37千
1592,英瑞-KY,0年,平均值利率是：0%,平均股價是：271.7千,平均盈餘是：5.37千
1598,岱宇,3年,平均值利率是：2.579%,平均股價是：38.833千,平均盈餘是：0.983千
1603,華電,0年,平均值利率是：0%,平均股價是：38.833千,平均盈餘是：0.983千
1604,聲寶,5年,平均值利率是：6.574%,平均股價是：15.09千,平均盈餘是：1.008千
1605,華新,4年,平均值利率是：5.058%,平均股價是：15.045千,平均盈餘是：0.778千
1608,華榮,0年,平均值利率是：0%,平均股價是：15.045千,平均盈餘是：0.778千
1609,大亞,2年,平均值利率是：2.698%,平均股價是：12.1千,平均盈餘是：0.325千
1611,中電,2年,平均值利率是：5.534%,平均股價是：9.995千,平均盈餘是：0.575千
1612,宏泰,5年,平均值利率是：4.148%,平均股價是：9.406千,平均盈餘是：0.392千
1614,三洋電,5年,平均值利率是：3.363%,平均股價是：25.25千,平均盈餘是：0.846千
1615,大山,5年,平均值利率是：5.216%,平均股價是：13.01千,平均盈餘是：0.72千
1616,億泰,0年,平均值利率是：0%,平均股價是：13.01千,平均盈餘是：0.72千
1617,榮星,5年,平均值利率是：4.871%,平均股價是：9.834千,平均盈餘是：0.49千
1618,合機,5年,平均值利率是：1.464%,平均股價是：8.04千,平均盈餘是：0.11千
1626,艾美特-KY,0年,平均值利率是：0%,平均股價是：8.04千,平均盈餘是：0.11千
1701,中化,5年,平均值利率是：3.424%,平均股價是：18.7千,平均盈餘是：0.64千
1702,南僑,5年,平均值利率是：4.257%,平均股價是：61.22千,平均盈餘是：2.582千
1707,葡萄王,5年,平均值利率是：2.901%,平均股價是：210.9千,平均盈餘是：6.096千
1708,東鹼,5年,平均值利率是：2.791%,平均股價是：27.82千,平均盈餘是：0.8千
1709,和益,5年,平均值利率是：6.655%,平均股價是：15.23千,平均盈餘是：1.058千
1710,東聯,5年,平均值利率是：3.442%,平均股價是：24.31千,平均盈餘是：0.9千
1711,永光,5年,平均值利率是：2.685%,平均股價是：18.77千,平均盈餘是：0.5千
1712,興農,5年,平均值利率是：5.802%,平均股價是：16.15千,平均盈餘是：0.948千
1713,國化,5年,平均值利率是：3.271%,平均股價是：16.4千,平均盈餘是：0.538千
1714,和桐,0年,平均值利率是：0%,平均股價是：16.4千,平均盈餘是：0.538千
1717,長興,5年,平均值利率是：4.17%,平均股價是：29.0千,平均盈餘是：1.24千
1718,中纖,2年,平均值利率是：1.025%,平均股價是：10.0千,平均盈餘是：0.1千
1720,生達,5年,平均值利率是：3.468%,平均股價是：31.98千,平均盈餘是：1.12千
1721,三晃,0年,平均值利率是：0%,平均股價是：31.98千,平均盈餘是：1.12千
1722,台肥,5年,平均值利率是：4.624%,平均股價是：42.38千,平均盈餘是：1.96千
1723,中碳,5年,平均值利率是：4.414%,平均股價是：123.0千,平均盈餘是：5.38千
1724,台硝,5年,平均值利率是：4.551%,平均股價是：13.78千,平均盈餘是：0.66千
1725,元禎,5年,平均值利率是：5.422%,平均股價是：14.29千,平均盈餘是：0.774千
1726,永記,5年,平均值利率是：5.161%,平均股價是：72.64千,平均盈餘是：3.72千
1727,中華化,5年,平均值利率是：4.187%,平均股價是：13.53千,平均盈餘是：0.56千
1730,花仙子,5年,平均值利率是：5.061%,平均股價是：48.7千,平均盈餘是：2.33千
1731,美吾華,5年,平均值利率是：3.72%,平均股價是：13.65千,平均盈餘是：0.51千
1732,毛寶,0年,平均值利率是：0%,平均股價是：13.65千,平均盈餘是：0.51千
1733,五鼎,5年,平均值利率是：3.374%,平均股價是：36.62千,平均盈餘是：1.332千
1734,杏輝,5年,平均值利率是：1.123%,平均股價是：23.15千,平均盈餘是：0.28千
1735,日勝化,5年,平均值利率是：4.309%,平均股價是：13.46千,平均盈餘是：0.55千
1736,喬山,5年,平均值利率是：2.184%,平均股價是：46.41千,平均盈餘是：0.92千
1737,臺鹽,5年,平均值利率是：4.739%,平均股價是：28.58千,平均盈餘是：1.366千
1760,寶齡富錦,2年,平均值利率是：1.478%,平均股價是：94.5千,平均盈餘是：1.38千
1762,中化生,5年,平均值利率是：2.757%,平均股價是：29.8千,平均盈餘是：0.84千
1773,勝一,5年,平均值利率是：6.144%,平均股價是：63.69千,平均盈餘是：3.84千
1776,展宇,4年,平均值利率是：5.374%,平均股價是：20.2千,平均盈餘是：1.173千
1783,和康生,2年,平均值利率是：1.525%,平均股價是：28.025千,平均盈餘是：0.415千
1786,科妍,2年,平均值利率是：0.751%,平均股價是：73.45千,平均盈餘是：0.525千
1789,神隆,5年,平均值利率是：1.134%,平均股價是：33.22千,平均盈餘是：0.354千
1802,台玻,2年,平均值利率是：2.752%,平均股價是：14.325千,平均盈餘是：0.4千
1805,寶徠,0年,平均值利率是：0%,平均股價是：14.325千,平均盈餘是：0.4千
1806,冠軍,0年,平均值利率是：0%,平均股價是：14.325千,平均盈餘是：0.4千
1808,潤隆,0年,平均值利率是：0%,平均股價是：14.325千,平均盈餘是：0.4千
1809,中釉,5年,平均值利率是：1.819%,平均股價是：12.16千,平均盈餘是：0.22千
1810,和成,2年,平均值利率是：2.99%,平均股價是：8.285千,平均盈餘是：0.25千
1817,凱撒衛,5年,平均值利率是：5.768%,平均股價是：36.7千,平均盈餘是：2.12千
1902,台紙,2年,平均值利率是：1.78%,平均股價是：19.1千,平均盈餘是：0.34千
1903,士紙,0年,平均值利率是：0%,平均股價是：19.1千,平均盈餘是：0.34千
1904,正隆,5年,平均值利率是：4.393%,平均股價是：14.51千,平均盈餘是：0.65千
1905,華紙,5年,平均值利率是：3.905%,平均股價是：9.716千,平均盈餘是：0.38千
1906,寶隆,4年,平均值利率是：4.064%,平均股價是：17.15千,平均盈餘是：0.787千
1907,永豐餘,2年,平均值利率是：5.165%,平均股價是：11.625千,平均盈餘是：0.6千
1909,榮成,5年,平均值利率是：5.926%,平均股價是：19.7千,平均盈餘是：1.128千
2002,中鋼,5年,平均值利率是：3.583%,平均股價是：23.54千,平均盈餘是：0.846千
2006,東和鋼鐵,5年,平均值利率是：5.798%,平均股價是：21.77千,平均盈餘是：1.26千
2007,燁興,0年,平均值利率是：0%,平均股價是：21.77千,平均盈餘是：1.26千
2008,高興昌,0年,平均值利率是：0%,平均股價是：21.77千,平均盈餘是：1.26千
2009,第一銅,0年,平均值利率是：0%,平均股價是：21.77千,平均盈餘是：1.26千
2010,春源,5年,平均值利率是：5.18%,平均股價是：10.63千,平均盈餘是：0.552千
2012,春雨,5年,平均值利率是：4.582%,平均股價是：16.24千,平均盈餘是：0.76千
2013,中鋼構,5年,平均值利率是：2.062%,平均股價是：23.04千,平均盈餘是：0.454千
2014,中鴻,1年,平均值利率是：0.948%,平均股價是：10.55千,平均盈餘是：0.1千
2015,豐興,5年,平均值利率是：6.449%,平均股價是：48.1千,平均盈餘是：3.1千
2017,官田鋼,3年,平均值利率是：3.213%,平均股價是：8.807千,平均盈餘是：0.283千
2020,美亞,3年,平均值利率是：8.401%,平均股價是：14.217千,平均盈餘是：1.207千
2022,聚亨,0年,平均值利率是：0%,平均股價是：14.217千,平均盈餘是：1.207千
2023,燁輝,3年,平均值利率是：2.101%,平均股價是：10.473千,平均盈餘是：0.233千
2024,志聯,5年,平均值利率是：7.179%,平均股價是：8.586千,平均盈餘是：0.62千
2025,千興,0年,平均值利率是：0%,平均股價是：8.586千,平均盈餘是：0.62千
2027,大成鋼,5年,平均值利率是：3.072%,平均股價是：27.42千,平均盈餘是：0.932千
2028,威致,0年,平均值利率是：0%,平均股價是：27.42千,平均盈餘是：0.932千
2029,盛餘,5年,平均值利率是：5.096%,平均股價是：24.53千,平均盈餘是：1.32千
2030,彰源,3年,平均值利率是：5.122%,平均股價是：13.417千,平均盈餘是：0.687千
2031,新光鋼,5年,平均值利率是：3.846%,平均股價是：24.64千,平均盈餘是：0.996千
2032,新鋼,5年,平均值利率是：2.292%,平均股價是：9.378千,平均盈餘是：0.216千
2033,佳大,3年,平均值利率是：2.413%,平均股價是：9.843千,平均盈餘是：0.233千
2034,允強,5年,平均值利率是：7.19%,平均股價是：23.58千,平均盈餘是：1.68千
2038,海光,0年,平均值利率是：0%,平均股價是：23.58千,平均盈餘是：1.68千
2049,上銀,5年,平均值利率是：1.582%,平均股價是：225.8千,平均盈餘是：3.48千
2059,川湖,5年,平均值利率是：2.225%,平均股價是：381.3千,平均盈餘是：8.37千
2062,橋椿,0年,平均值利率是：0%,平均股價是：381.3千,平均盈餘是：8.37千
2069,運錩,4年,平均值利率是：6.494%,平均股價是：22.45千,平均盈餘是：1.482千
2101,南港,5年,平均值利率是：1.822%,平均股價是：31.13千,平均盈餘是：0.526千
2102,泰豐,0年,平均值利率是：0%,平均股價是：31.13千,平均盈餘是：0.526千
2103,台橡,5年,平均值利率是：4.633%,平均股價是：26.68千,平均盈餘是：1.104千
2104,國際中橡,5年,平均值利率是：5.638%,平均股價是：31.17千,平均盈餘是：1.67千
2105,正新,5年,平均值利率是：4.251%,平均股價是：54.3千,平均盈餘是：2.38千
2106,建大,5年,平均值利率是：4.383%,平均股價是：38.67千,平均盈餘是：1.73千
2107,厚生,5年,平均值利率是：5.693%,平均股價是：17.66千,平均盈餘是：1.11千
2108,南帝,5年,平均值利率是：4.628%,平均股價是：25.97千,平均盈餘是：1.21千
2109,華豐,0年,平均值利率是：0%,平均股價是：25.97千,平均盈餘是：1.21千
2114,鑫永銓,5年,平均值利率是：6.351%,平均股價是：79.28千,平均盈餘是：5.0千
2115,六暉-KY,5年,平均值利率是：3.873%,平均股價是：41.92千,平均盈餘是：1.56千
2201,裕隆,5年,平均值利率是：2.603%,平均股價是：26.01千,平均盈餘是：0.67千
2204,中華,5年,平均值利率是：6.06%,平均股價是：25.47千,平均盈餘是：1.55千
2206,三陽工業,4年,平均值利率是：4.845%,平均股價是：20.925千,平均盈餘是：1.012千
2207,和泰車,5年,平均值利率是：3.342%,平均股價是：366.9千,平均盈餘是：11.7千
2208,台船,0年,平均值利率是：0%,平均股價是：366.9千,平均盈餘是：11.7千
2227,裕日車,5年,平均值利率是：8.544%,平均股價是：238.8千,平均盈餘是：20.434千
2228,劍麟,5年,平均值利率是：3.238%,平均股價是：139.34千,平均盈餘是：3.842千
2231,為升,5年,平均值利率是：2.46%,平均股價是：335.7千,平均盈餘是：8.084千
2236,百達-KY,5年,平均值利率是：2.245%,平均股價是：39.5千,平均盈餘是：0.91千
2239,英利-KY,0年,平均值利率是：0%,平均股價是：39.5千,平均盈餘是：0.91千
2243,宏旭-KY,0年,平均值利率是：0%,平均股價是：39.5千,平均盈餘是：0.91千
2301,光寶科,5年,平均值利率是：5.059%,平均股價是：40.65千,平均盈餘是：2.082千
2302,麗正,0年,平均值利率是：0%,平均股價是：40.65千,平均盈餘是：2.082千
2303,聯電,5年,平均值利率是：4.224%,平均股價是：13.89千,平均盈餘是：0.584千
2305,全友,0年,平均值利率是：0%,平均股價是：13.89千,平均盈餘是：0.584千
2308,台達電,5年,平均值利率是：3.757%,平均股價是：145.2千,平均盈餘是：5.34千
2312,金寶,4年,平均值利率是：2.866%,平均股價是：10.635千,平均盈餘是：0.302千
2313,華通,5年,平均值利率是：3.869%,平均股價是：22.77千,平均盈餘是：0.84千
2314,台揚,3年,平均值利率是：0.653%,平均股價是：27.683千,平均盈餘是：0.173千
2316,楠梓電,1年,平均值利率是：4.32%,平均股價是：23.15千,平均盈餘是：1.0千
2317,鴻海,5年,平均值利率是：4.28%,平均股價是：86.6千,平均盈餘是：3.66千
2321,東訊,0年,平均值利率是：0%,平均股價是：86.6千,平均盈餘是：3.66千
2323,中環,0年,平均值利率是：0%,平均股價是：86.6千,平均盈餘是：3.66千
2324,仁寶,5年,平均值利率是：5.173%,平均股價是：19.34千,平均盈餘是：1.0千
2327,國巨,5年,平均值利率是：6.039%,平均股價是：278.18千,平均盈餘是：12.756千
2328,廣宇,5年,平均值利率是：3.014%,平均股價是：21.64千,平均盈餘是：0.648千
2329,華泰,0年,平均值利率是：0%,平均股價是：21.64千,平均盈餘是：0.648千
2330,台積電,0年,平均值利率是：0%,平均股價是：21.64千,平均盈餘是：0.648千
2331,精英,0年,平均值利率是：0%,平均股價是：21.64千,平均盈餘是：0.648千
2332,友訊,1年,平均值利率是：0.0%,平均股價是：12.45千,平均盈餘是：0.0千
2337,旺宏,2年,平均值利率是：3.796%,平均股價是：29.35千,平均盈餘是：1.1千
2338,光罩,1年,平均值利率是：3.15%,平均股價是：26.35千,平均盈餘是：0.83千
2340,光磊,5年,平均值利率是：6.088%,平均股價是：17.06千,平均盈餘是：0.958千
2342,茂矽,0年,平均值利率是：0%,平均股價是：17.06千,平均盈餘是：0.958千
2344,華邦電,4年,平均值利率是：4.112%,平均股價是：15.195千,平均盈餘是：0.675千
2345,智邦,5年,平均值利率是：4.855%,平均股價是：70.73千,平均盈餘是：2.854千
2347,聯強,5年,平均值利率是：5.442%,平均股價是：36.27千,平均盈餘是：2.0千
2348,海悅,2年,平均值利率是：8.478%,平均股價是：43.7千,平均盈餘是：3.7千
2349,錸德,0年,平均值利率是：0%,平均股價是：43.7千,平均盈餘是：3.7千
2351,順德,5年,平均值利率是：4.932%,平均股價是：54.56千,平均盈餘是：2.4千
2352,佳世達,5年,平均值利率是：5.342%,平均股價是：17.29千,平均盈餘是：0.934千
2353,宏碁,4年,平均值利率是：1.038%,平均股價是：17.913千,平均盈餘是：0.193千
2354,鴻準,5年,平均值利率是：4.069%,平均股價是：80.54千,平均盈餘是：3.22千
2355,敬鵬,5年,平均值利率是：4.588%,平均股價是：46.46千,平均盈餘是：2.15千
2356,英業達,5年,平均值利率是：6.883%,平均股價是：22.96千,平均盈餘是：1.55千
2357,華碩,5年,平均值利率是：6.296%,平均股價是：252.0千,平均盈餘是：15.8千
2358,廷鑫,0年,平均值利率是：0%,平均股價是：252.0千,平均盈餘是：15.8千
2359,所羅門,5年,平均值利率是：5.708%,平均股價是：18.37千,平均盈餘是：1.02千
2360,致茂,5年,平均值利率是：3.156%,平均股價是：112.08千,平均盈餘是：3.372千
2362,藍天,5年,平均值利率是：2.942%,平均股價是：30.34千,平均盈餘是：0.906千
2363,矽統,0年,平均值利率是：0%,平均股價是：30.34千,平均盈餘是：0.906千
2364,倫飛,0年,平均值利率是：0%,平均股價是：30.34千,平均盈餘是：0.906千
2365,昆盈,2年,平均值利率是：0.096%,平均股價是：9.13千,平均盈餘是：0.01千
2367,燿華,2年,平均值利率是：1.577%,平均股價是：22.075千,平均盈餘是：0.35千
2368,金像電,0年,平均值利率是：0%,平均股價是：22.075千,平均盈餘是：0.35千
2369,菱生,5年,平均值利率是：2.954%,平均股價是：10.09千,平均盈餘是：0.306千
2371,大同,0年,平均值利率是：0%,平均股價是：10.09千,平均盈餘是：0.306千
2373,震旦行,5年,平均值利率是：6.059%,平均股價是：68.0千,平均盈餘是：4.212千
2374,佳能,4年,平均值利率是：5.589%,平均股價是：16.45千,平均盈餘是：0.925千
2375,智寶,2年,平均值利率是：4.934%,平均股價是：55.15千,平均盈餘是：2.465千
2376,技嘉,5年,平均值利率是：6.756%,平均股價是：42.22千,平均盈餘是：2.76千
2377,微星,5年,平均值利率是：6.043%,平均股價是：68.31千,平均盈餘是：3.6千
2379,瑞昱,5年,平均值利率是：4.656%,平均股價是：128.74千,平均盈餘是：4.7千
2380,虹光,0年,平均值利率是：0%,平均股價是：128.74千,平均盈餘是：4.7千
2382,廣達,5年,平均值利率是：6.035%,平均股價是：61.18千,平均盈餘是：3.65千
2383,台光電,5年,平均值利率是：4.134%,平均股價是：101.66千,平均盈餘是：4.018千
2385,群光,5年,平均值利率是：5.793%,平均股價是：74.28千,平均盈餘是：4.29千
2387,精元,5年,平均值利率是：2.429%,平均股價是：19.27千,平均盈餘是：0.504千
2388,威盛,0年,平均值利率是：0%,平均股價是：19.27千,平均盈餘是：0.504千
2390,云辰,0年,平均值利率是：0%,平均股價是：19.27千,平均盈餘是：0.504千
2392,正崴,5年,平均值利率是：4.792%,平均股價是：38.17千,平均盈餘是：1.8千
2393,億光,5年,平均值利率是：6.936%,平均股價是：41.61千,平均盈餘是：2.896千
2395,研華,5年,平均值利率是：2.92%,平均股價是：219.5千,平均盈餘是：6.34千
2397,友通,5年,平均值利率是：6.371%,平均股價是：58.62千,平均盈餘是：3.682千
2399,映泰,0年,平均值利率是：0%,平均股價是：58.62千,平均盈餘是：3.682千
2401,凌陽,5年,平均值利率是：3.444%,平均股價是：13.04千,平均盈餘是：0.438千
2402,毅嘉,1年,平均值利率是：3.215%,平均股價是：15.55千,平均盈餘是：0.5千
2404,漢唐,5年,平均值利率是：8.48%,平均股價是：69.47千,平均盈餘是：5.6千
2405,浩鑫,0年,平均值利率是：0%,平均股價是：69.47千,平均盈餘是：5.6千
2406,國碩,0年,平均值利率是：0%,平均股價是：69.47千,平均盈餘是：5.6千
2408,南亞科,5年,平均值利率是：6.378%,平均股價是：54.16千,平均盈餘是：3.384千
2409,友達,5年,平均值利率是：5.908%,平均股價是：11.59千,平均盈餘是：0.682千
2412,中華電,5年,平均值利率是：4.657%,平均股價是：105.86千,平均盈餘是：4.914千
2413,環科,0年,平均值利率是：0%,平均股價是：105.86千,平均盈餘是：4.914千
2414,精技,5年,平均值利率是：7.135%,平均股價是：18.54千,平均盈餘是：1.32千
2415,錩新,5年,平均值利率是：5.679%,平均股價是：19.58千,平均盈餘是：1.04千
2417,圓剛,5年,平均值利率是：0.0%,平均股價是：11.024千,平均盈餘是：0.0千
2419,仲琦,5年,平均值利率是：4.971%,平均股價是：18.85千,平均盈餘是：0.954千
2420,新巨,5年,平均值利率是：8.042%,平均股價是：36.03千,平均盈餘是：2.9千
2421,建準,5年,平均值利率是：6.296%,平均股價是：29.98千,平均盈餘是：1.8千
2423,固緯,5年,平均值利率是：5.221%,平均股價是：20.87千,平均盈餘是：1.14千
2424,隴華,0年,平均值利率是：0%,平均股價是：20.87千,平均盈餘是：1.14千
2425,承啟,1年,平均值利率是：5.0%,平均股價是：30.0千,平均盈餘是：1.5千
2426,鼎元,5年,平均值利率是：5.929%,平均股價是：15.95千,平均盈餘是：0.884千
2427,三商電,5年,平均值利率是：2.32%,平均股價是：8.762千,平均盈餘是：0.212千
2428,興勤,5年,平均值利率是：4.566%,平均股價是：72.11千,平均盈餘是：3.14千
2429,銘旺科,0年,平均值利率是：0%,平均股價是：72.11千,平均盈餘是：3.14千
2430,燦坤,5年,平均值利率是：4.798%,平均股價是：23.75千,平均盈餘是：1.174千
2431,聯昌,0年,平均值利率是：0%,平均股價是：23.75千,平均盈餘是：1.174千
2433,互盛電,5年,平均值利率是：7.523%,平均股價是：43.05千,平均盈餘是：3.24千
2434,統懋,0年,平均值利率是：0%,平均股價是：43.05千,平均盈餘是：3.24千
2436,偉詮電,5年,平均值利率是：3.249%,平均股價是：23.13千,平均盈餘是：0.7千
2438,翔耀,0年,平均值利率是：0%,平均股價是：23.13千,平均盈餘是：0.7千
2439,美律,5年,平均值利率是：6.402%,平均股價是：127.86千,平均盈餘是：8.248千
2440,太空梭,0年,平均值利率是：0%,平均股價是：127.86千,平均盈餘是：8.248千
2441,超豐,5年,平均值利率是：6.784%,平均股價是：40.52千,平均盈餘是：2.592千
2442,新美齊,1年,平均值利率是：3.69%,平均股價是：13.55千,平均盈餘是：0.5千
2443,新利虹,0年,平均值利率是：0%,平均股價是：13.55千,平均盈餘是：0.5千
2444,兆勁,0年,平均值利率是：0%,平均股價是：13.55千,平均盈餘是：0.5千
2448,晶電,2年,平均值利率是：0.931%,平均股價是：30.675千,平均盈餘是：0.345千
2449,京元電子,5年,平均值利率是：4.251%,平均股價是：28.19千,平均盈餘是：1.17千
2450,神腦,5年,平均值利率是：5.727%,平均股價是：44.53千,平均盈餘是：2.632千
2451,創見,5年,平均值利率是：6.926%,平均股價是：88.2千,平均盈餘是：6.11千
2453,凌群,5年,平均值利率是：4.596%,平均股價是：12.29千,平均盈餘是：0.56千
2454,聯發科,5年,平均值利率是：3.691%,平均股價是：288.9千,平均盈餘是：10.9千
2455,全新,5年,平均值利率是：3.693%,平均股價是：65.55千,平均盈餘是：2.242千
2456,奇力新,5年,平均值利率是：4.734%,平均股價是：90.86千,平均盈餘是：3.628千
2457,飛宏,0年,平均值利率是：0%,平均股價是：90.86千,平均盈餘是：3.628千
2458,義隆,5年,平均值利率是：5.231%,平均股價是：48.23千,平均盈餘是：2.528千
2459,敦吉,5年,平均值利率是：6.853%,平均股價是：36.83千,平均盈餘是：2.526千
2460,建通,0年,平均值利率是：0%,平均股價是：36.83千,平均盈餘是：2.526千
2461,光群雷,5年,平均值利率是：3.622%,平均股價是：15.27千,平均盈餘是：0.542千
2462,良得電,1年,平均值利率是：1.802%,平均股價是：27.75千,平均盈餘是：0.5千
2464,盟立,5年,平均值利率是：5.007%,平均股價是：39.11千,平均盈餘是：2.0千
2465,麗臺,0年,平均值利率是：0%,平均股價是：39.11千,平均盈餘是：2.0千
2466,冠西電,0年,平均值利率是：0%,平均股價是：39.11千,平均盈餘是：2.0千
2467,志聖,3年,平均值利率是：4.51%,平均股價是：25.7千,平均盈餘是：1.333千
2468,華經,5年,平均值利率是：4.219%,平均股價是：11.4千,平均盈餘是：0.48千
2471,資通,5年,平均值利率是：6.372%,平均股價是：15.02千,平均盈餘是：0.96千
2472,立隆電,5年,平均值利率是：5.875%,平均股價是：40.03千,平均盈餘是：2.24千
2474,可成,5年,平均值利率是：3.602%,平均股價是：292.5千,平均盈餘是：10.0千
2476,鉅祥,5年,平均值利率是：5.992%,平均股價是：23.27千,平均盈餘是：1.382千
2477,美隆電,2年,平均值利率是：5.382%,平均股價是：20.1千,平均盈餘是：1.08千
2478,大毅,5年,平均值利率是：2.361%,平均股價是：38.97千,平均盈餘是：0.81千
2480,敦陽科,5年,平均值利率是：6.719%,平均股價是：34.58千,平均盈餘是：2.272千
2481,強茂,1年,平均值利率是：2.024%,平均股價是：24.7千,平均盈餘是：0.5千
2482,連宇,0年,平均值利率是：0%,平均股價是：24.7千,平均盈餘是：0.5千
2483,百容,5年,平均值利率是：4.019%,平均股價是：18.81千,平均盈餘是：0.758千
2484,希華,5年,平均值利率是：6.216%,平均股價是：18.83千,平均盈餘是：1.17千
2485,兆赫,5年,平均值利率是：3.598%,平均股價是：30.13千,平均盈餘是：1.16千
2486,一詮,0年,平均值利率是：0%,平均股價是：30.13千,平均盈餘是：1.16千
2488,漢平,0年,平均值利率是：0%,平均股價是：30.13千,平均盈餘是：1.16千
2489,瑞軒,0年,平均值利率是：0%,平均股價是：30.13千,平均盈餘是：1.16千
2491,吉祥全,0年,平均值利率是：0%,平均股價是：30.13千,平均盈餘是：1.16千
2492,華新科,5年,平均值利率是：3.941%,平均股價是：111.89千,平均盈餘是：4.522千
2493,揚博,5年,平均值利率是：9.322%,平均股價是：25.18千,平均盈餘是：2.33千
2495,普安,5年,平均值利率是：4.442%,平均股價是：14.07千,平均盈餘是：0.64千
2496,卓越,3年,平均值利率是：1.701%,平均股價是：139.3千,平均盈餘是：1.357千
2497,怡利電,0年,平均值利率是：0%,平均股價是：139.3千,平均盈餘是：1.357千
2498,宏達電,1年,平均值利率是：1.124%,平均股價是：33.8千,平均盈餘是：0.38千
2499,東貝,0年,平均值利率是：0%,平均股價是：33.8千,平均盈餘是：0.38千
2501,國建,3年,平均值利率是：7.92%,平均股價是：20.083千,平均盈餘是：1.6千
2504,國產,2年,平均值利率是：4.155%,平均股價是：8.88千,平均盈餘是：0.375千
2505,國揚,2年,平均值利率是：3.095%,平均股價是：12.175千,平均盈餘是：0.375千
2506,太設,0年,平均值利率是：0%,平均股價是：12.175千,平均盈餘是：0.375千
2509,全坤建,5年,平均值利率是：4.843%,平均股價是：22.63千,平均盈餘是：1.0千
2511,太子,5年,平均值利率是：7.847%,平均股價是：10.72千,平均盈餘是：0.84千
2514,龍邦,5年,平均值利率是：1.453%,平均股價是：16.94千,平均盈餘是：0.242千
2515,中工,0年,平均值利率是：0%,平均股價是：16.94千,平均盈餘是：0.242千
2516,新建,0年,平均值利率是：0%,平均股價是：16.94千,平均盈餘是：0.242千
2520,冠德,5年,平均值利率是：6.072%,平均股價是：19.85千,平均盈餘是：1.12千
2524,京城,0年,平均值利率是：0%,平均股價是：19.85千,平均盈餘是：1.12千
2527,宏璟,5年,平均值利率是：5.402%,平均股價是：21.15千,平均盈餘是：1.08千
2528,皇普,0年,平均值利率是：0%,平均股價是：21.15千,平均盈餘是：1.08千
2530,華建,1年,平均值利率是：1.887%,平均股價是：15.9千,平均盈餘是：0.3千
2534,宏盛,0年,平均值利率是：0%,平均股價是：15.9千,平均盈餘是：0.3千
2535,達欣工,5年,平均值利率是：7.835%,平均股價是：18.61千,平均盈餘是：1.46千
2536,宏普,5年,平均值利率是：8.323%,平均股價是：21.86千,平均盈餘是：1.84千
2537,聯上發,0年,平均值利率是：0%,平均股價是：21.86千,平均盈餘是：1.84千
2538,基泰,5年,平均值利率是：7.021%,平均股價是：12.49千,平均盈餘是：0.86千
2539,櫻花建,5年,平均值利率是：3.987%,平均股價是：27.13千,平均盈餘是：1.08千
2540,愛山林,0年,平均值利率是：0%,平均股價是：27.13千,平均盈餘是：1.08千
2542,興富發,0年,平均值利率是：0%,平均股價是：27.13千,平均盈餘是：1.08千
2543,皇昌,0年,平均值利率是：0%,平均股價是：27.13千,平均盈餘是：1.08千
2545,皇翔,5年,平均值利率是：6.523%,平均股價是：32.54千,平均盈餘是：2.2千
2546,根基,5年,平均值利率是：8.516%,平均股價是：21.43千,平均盈餘是：1.832千
2547,日勝生,1年,平均值利率是：6.452%,平均股價是：12.4千,平均盈餘是：0.8千
2548,華固,5年,平均值利率是：7.713%,平均股價是：65.06千,平均盈餘是：4.94千
2597,潤弘,5年,平均值利率是：9.727%,平均股價是：46.79千,平均盈餘是：4.65千
2601,益航,0年,平均值利率是：0%,平均股價是：46.79千,平均盈餘是：4.65千
2603,長榮,0年,平均值利率是：0%,平均股價是：46.79千,平均盈餘是：4.65千
2605,新興,0年,平均值利率是：0%,平均股價是：46.79千,平均盈餘是：4.65千
2606,裕民,5年,平均值利率是：3.825%,平均股價是：31.7千,平均盈餘是：1.24千
2607,榮運,5年,平均值利率是：2.608%,平均股價是：13.43千,平均盈餘是：0.35千
2608,嘉里大榮,5年,平均值利率是：4.202%,平均股價是：37.55千,平均盈餘是：1.576千
2609,陽明,0年,平均值利率是：0%,平均股價是：37.55千,平均盈餘是：1.576千
2610,華航,2年,平均值利率是：2.235%,平均股價是：9.62千,平均盈餘是：0.215千
2611,志信,2年,平均值利率是：3.374%,平均股價是：7.54千,平均盈餘是：0.255千
2612,中航,3年,平均值利率是：2.816%,平均股價是：29.6千,平均盈餘是：0.867千
2613,中櫃,5年,平均值利率是：1.405%,平均股價是：13.05千,平均盈餘是：0.18千
2614,東森,1年,平均值利率是：8.772%,平均股價是：11.4千,平均盈餘是：1.0千
2615,萬海,5年,平均值利率是：4.742%,平均股價是：19.27千,平均盈餘是：0.942千
2616,山隆,5年,平均值利率是：6.551%,平均股價是：27.95千,平均盈餘是：1.832千
2617,台航,2年,平均值利率是：5.138%,平均股價是：19.35千,平均盈餘是：1.0千
2618,長榮航,4年,平均值利率是：2.134%,平均股價是：14.35千,平均盈餘是：0.3千
2630,亞航,2年,平均值利率是：1.687%,平均股價是：24.575千,平均盈餘是：0.465千
2633,台灣高鐵,3年,平均值利率是：2.694%,平均股價是：30.717千,平均盈餘是：0.823千
2634,漢翔,5年,平均值利率是：3.252%,平均股價是：35.99千,平均盈餘是：1.15千
2636,台驊投控,5年,平均值利率是：6.078%,平均股價是：22.93千,平均盈餘是：1.4千
2637,慧洋-KY,5年,平均值利率是：0.0%,平均股價是：33.19千,平均盈餘是：0.0千
2642,宅配通,5年,平均值利率是：2.976%,平均股價是：25.22千,平均盈餘是：0.76千
2701,萬企,5年,平均值利率是：1.895%,平均股價是：13.34千,平均盈餘是：0.25千
2702,華園,1年,平均值利率是：1.093%,平均股價是：18.3千,平均盈餘是：0.2千
2704,國賓,5年,平均值利率是：2.448%,平均股價是：23.48千,平均盈餘是：0.58千
2705,六福,0年,平均值利率是：0%,平均股價是：23.48千,平均盈餘是：0.58千
2706,第一店,5年,平均值利率是：1.682%,平均股價是：15.84千,平均盈餘是：0.258千
2707,晶華,5年,平均值利率是：4.918%,平均股價是：162.9千,平均盈餘是：8.062千
2712,遠雄來,0年,平均值利率是：0%,平均股價是：162.9千,平均盈餘是：8.062千
2722,夏都,5年,平均值利率是：1.173%,平均股價是：35.33千,平均盈餘是：0.42千
2723,美食-KY,5年,平均值利率是：1.623%,平均股價是：247.6千,平均盈餘是：3.94千
2727,王品,5年,平均值利率是：2.895%,平均股價是：151.32千,平均盈餘是：4.038千
2731,雄獅,5年,平均值利率是：4.203%,平均股價是：109.78千,平均盈餘是：4.36千
2739,寒舍,4年,平均值利率是：4.48%,平均股價是：34.562千,平均盈餘是：1.605千
2748,雲品,3年,平均值利率是：4.078%,平均股價是：65.933千,平均盈餘是：2.667千
2801,彰銀,5年,平均值利率是：2.32%,平均股價是：17.42千,平均盈餘是：0.412千
2809,京城銀,5年,平均值利率是：4.328%,平均股價是：29.32千,平均盈餘是：1.3千
2812,台中銀,5年,平均值利率是：4.226%,平均股價是：9.77千,平均盈餘是：0.406千
2816,旺旺保,2年,平均值利率是：4.366%,平均股價是：18.25千,平均盈餘是：0.8千
2820,華票,5年,平均值利率是：6.004%,平均股價是：13.09千,平均盈餘是：0.778千
2823,中壽,0年,平均值利率是：0%,平均股價是：13.09千,平均盈餘是：0.778千
2832,台產,5年,平均值利率是：5.089%,平均股價是：19.77千,平均盈餘是：1.0千
2834,臺企銀,4年,平均值利率是：1.871%,平均股價是：9.75千,平均盈餘是：0.193千
2836,高雄銀,5年,平均值利率是：1.455%,平均股價是：9.182千,平均盈餘是：0.138千
2838,聯邦銀,0年,平均值利率是：0%,平均股價是：9.182千,平均盈餘是：0.138千
2841,台開,0年,平均值利率是：0%,平均股價是：9.182千,平均盈餘是：0.138千
2845,遠東銀,5年,平均值利率是：4.25%,平均股價是：9.974千,平均盈餘是：0.422千
2849,安泰銀,5年,平均值利率是：4.886%,平均股價是：13.82千,平均盈餘是：0.68千
2850,新產,5年,平均值利率是：6.025%,平均股價是：28.32千,平均盈餘是：1.724千
2851,中再保,5年,平均值利率是：5.242%,平均股價是：16.3千,平均盈餘是：0.86千
2852,第一保,3年,平均值利率是：4.197%,平均股價是：13.883千,平均盈餘是：0.58千
2855,統一證,2年,平均值利率是：7.03%,平均股價是：13.425千,平均盈餘是：0.95千
2867,三商壽,0年,平均值利率是：0%,平均股價是：13.425千,平均盈餘是：0.95千
2880,華南金,5年,平均值利率是：3.549%,平均股價是：17.11千,平均盈餘是：0.6千
2881,富邦金,5年,平均值利率是：4.782%,平均股價是：47.47千,平均盈餘是：2.26千
2882,國泰金,5年,平均值利率是：4.285%,平均股價是：45.8千,平均盈餘是：1.94千
2883,開發金,5年,平均值利率是：5.184%,平均股價是：9.49千,平均盈餘是：0.488千
2884,玉山金,5年,平均值利率是：2.653%,平均股價是：20.0千,平均盈餘是：0.534千
2885,元大金,5年,平均值利率是：4.028%,平均股價是：14.04千,平均盈餘是：0.578千
2886,兆豐金,5年,平均值利率是：5.909%,平均股價是：25.48千,平均盈餘是：1.504千
2887,台新金,5年,平均值利率是：3.24%,平均股價是：12.95千,平均盈餘是：0.422千
2888,新光金,3年,平均值利率是：1.804%,平均股價是：9.657千,平均盈餘是：0.18千
2889,國票金,5年,平均值利率是：4.739%,平均股價是：9.09千,平均盈餘是：0.44千
2890,永豐金,5年,平均值利率是：4.435%,平均股價是：10.774千,平均盈餘是：0.482千
2891,中信金,5年,平均值利率是：4.57%,平均股價是：19.94千,平均盈餘是：0.91千
2892,第一金,5年,平均值利率是：5.079%,平均股價是：18.81千,平均盈餘是：0.95千
2897,王道銀行,0年,平均值利率是：0%,平均股價是：18.81千,平均盈餘是：0.95千
2901,欣欣,5年,平均值利率是：1.688%,平均股價是：25.0千,平均盈餘是：0.422千
2903,遠百,5年,平均值利率是：5.15%,平均股價是：17.94千,平均盈餘是：0.91千
2904,匯僑,5年,平均值利率是：6.969%,平均股價是：22.91千,平均盈餘是：1.612千
2905,三商,5年,平均值利率是：2.659%,平均股價是：19.78千,平均盈餘是：0.54千
2906,高林,5年,平均值利率是：3.761%,平均股價是：11.7千,平均盈餘是：0.454千
2908,特力,5年,平均值利率是：4.837%,平均股價是：20.77千,平均盈餘是：1.004千
2910,統領,0年,平均值利率是：0%,平均股價是：20.77千,平均盈餘是：1.004千
2911,麗嬰房,0年,平均值利率是：0%,平均股價是：20.77千,平均盈餘是：1.004千
2912,統一超,5年,平均值利率是：4.032%,平均股價是：267.1千,平均盈餘是：11.2千
2913,農林,5年,平均值利率是：3.103%,平均股價是：15.54千,平均盈餘是：0.48千
2915,潤泰全,5年,平均值利率是：3.809%,平均股價是：56.65千,平均盈餘是：2.186千
2923,鼎固-KY,5年,平均值利率是：1.851%,平均股價是：21.54千,平均盈餘是：0.404千
2929,淘帝-KY,0年,平均值利率是：0%,平均股價是：21.54千,平均盈餘是：0.404千
2936,客思達-KY,0年,平均值利率是：0%,平均股價是：0千,平均盈餘是：0千
2939,凱羿-KY,2年,平均值利率是：8.64%,平均股價是：116.0千,平均盈餘是：10.5千
3002,歐格,0年,平均值利率是：0%,平均股價是：0千,平均盈餘是：0千
3003,健和興,5年,平均值利率是：2.501%,平均股價是：40.46千,平均盈餘是：0.968千
3004,豐達科,4年,平均值利率是：3.229%,平均股價是：61.575千,平均盈餘是：1.95千
3005,神基,5年,平均值利率是：7.148%,平均股價是：33.71千,平均盈餘是：2.36千
3006,晶豪科,5年,平均值利率是：4.245%,平均股價是：33.9千,平均盈餘是：1.454千
3008,大立光,5年,平均值利率是：1.612%,平均股價是：4062.0千,平均盈餘是：63.7千
3010,華立,5年,平均值利率是：6.062%,平均股價是：49.82千,平均盈餘是：3.02千
3011,今皓,0年,平均值利率是：0%,平均股價是：0千,平均盈餘是：0千
3013,晟銘電,4年,平均值利率是：2.471%,平均股價是：16.238千,平均盈餘是：0.403千
3014,聯陽,5年,平均值利率是：7.453%,平均股價是：29.6千,平均盈餘是：2.11千
3015,全漢,5年,平均值利率是：4.392%,平均股價是：21.8千,平均盈餘是：0.97千
3016,嘉晶,2年,平均值利率是：1.449%,平均股價是：58.575千,平均盈餘是：0.75千
3017,奇鋐,0年,平均值利率是：0%,平均股價是：0千,平均盈餘是：0千
3018,同開,0年,平均值利率是：0%,平均股價是：0千,平均盈餘是：0千
3019,亞光,3年,平均值利率是：2.146%,平均股價是：75.167千,平均盈餘是：1.633千
3021,鴻名,3年,平均值利率是：5.098%,平均股價是：14.383千,平均盈餘是：0.733千
3022,威強電,5年,平均值利率是：4.658%,平均股價是：37.64千,平均盈餘是：1.8千
3023,信邦,5年,平均值利率是：4.777%,平均股價是：79.19千,平均盈餘是：3.566千
3024,憶聲,1年,平均值利率是：4.79%,平均股價是：6.68千,平均盈餘是：0.32千
3025,星通,0年,平均值利率是：0%,平均股價是：0千,平均盈餘是：0千
3026,禾伸堂,5年,平均值利率是：6.751%,平均股價是：88.23千,平均盈餘是：4.358千
3027,盛達,0年,平均值利率是：0%,平均股價是：0千,平均盈餘是：0千
3028,增你強,5年,平均值利率是：8.05%,平均股價是：19.17千,平均盈餘是：1.542千
3029,零壹,5年,平均值利率是：5.356%,平均股價是：19.78千,平均盈餘是：1.082千
3030,德律,5年,平均值利率是：7.042%,平均股價是：54.3千,平均盈餘是：3.6千
3031,佰鴻,5年,平均值利率是：3.911%,平均股價是：13.36千,平均盈餘是：0.548千
3032,偉訓,5年,平均值利率是：7.122%,平均股價是：31.65千,平均盈餘是：2.09千
3033,威健,5年,平均值利率是：7.292%,平均股價是：18.62千,平均盈餘是：1.366千
3034,聯詠,5年,平均值利率是：6.357%,平均股價是：134.0千,平均盈餘是：8.38千
3035,智原,5年,平均值利率是：3.823%,平均股價是：43.04千,平均盈餘是：1.484千
3036,文曄,5年,平均值利率是：6.584%,平均股價是：40.19千,平均盈餘是：2.63千
3037,欣興,5年,平均值利率是：1.978%,平均股價是：20.86千,平均盈餘是：0.414千
3038,全台,4年,平均值利率是：3.766%,平均股價是：11.538千,平均盈餘是：0.41千
3040,遠見,5年,平均值利率是：11.206%,平均股價是：37.02千,平均盈餘是：4.4千
3041,揚智,0年,平均值利率是：0%,平均股價是：0千,平均盈餘是：0千
3042,晶技,5年,平均值利率是：6.691%,平均股價是：37.09千,平均盈餘是：2.46千
3043,科風,0年,平均值利率是：0%,平均股價是：0千,平均盈餘是：0千
3044,健鼎,5年,平均值利率是：5.381%,平均股價是：79.68千,平均盈餘是：4.28千
3045,台灣大,5年,平均值利率是：4.986%,平均股價是：108.3千,平均盈餘是：5.392千
3046,建碁,1年,平均值利率是：1.282%,平均股價是：23.4千,平均盈餘是：0.3千
3047,訊舟,0年,平均值利率是：0%,平均股價是：0千,平均盈餘是：0千
3048,益登,5年,平均值利率是：5.16%,平均股價是：16.28千,平均盈餘是：0.838千
3049,和鑫,0年,平均值利率是：0%,平均股價是：0千,平均盈餘是：0千
3050,鈺德,4年,平均值利率是：4.601%,平均股價是：10.675千,平均盈餘是：0.5千
3051,力特,0年,平均值利率是：0%,平均股價是：0千,平均盈餘是：0千
3052,夆典,0年,平均值利率是：0%,平均股價是：0千,平均盈餘是：0千
3054,立萬利,0年,平均值利率是：0%,平均股價是：0千,平均盈餘是：0千
3055,蔚華科,5年,平均值利率是：4.768%,平均股價是：20.45千,平均盈餘是：0.884千
3056,總太,5年,平均值利率是：10.282%,平均股價是：17.31千,平均盈餘是：1.8千
3057,喬鼎,0年,平均值利率是：0%,平均股價是：0千,平均盈餘是：0千
3058,立德,1年,平均值利率是：0.0%,平均股價是：7.51千,平均盈餘是：0.0千
3059,華晶科,5年,平均值利率是：2.229%,平均股價是：25.56千,平均盈餘是：0.558千
3060,銘異,0年,平均值利率是：0%,平均股價是：0千,平均盈餘是：0千
3062,建漢,5年,平均值利率是：3.534%,平均股價是：17.98千,平均盈餘是：0.65千
3090,日電貿,5年,平均值利率是：7.655%,平均股價是：40.16千,平均盈餘是：2.9千
3094,聯傑,5年,平均值利率是：2.956%,平均股價是：22.5千,平均盈餘是：0.668千
3130,一零四,5年,平均值利率是：5.684%,平均股價是：155.0千,平均盈餘是：8.784千
3149,正達,0年,平均值利率是：0%,平均股價是：0千,平均盈餘是：0千
3164,景岳,1年,平均值利率是：5.576%,平均股價是：26.9千,平均盈餘是：1.5千
3167,大量,5年,平均值利率是：5.753%,平均股價是：37.11千,平均盈餘是：2.1千
3189,景碩,5年,平均值利率是：4.53%,平均股價是：59.13千,平均盈餘是：2.7千
3209,全科,5年,平均值利率是：4.849%,平均股價是：22.26千,平均盈餘是：1.08千
3229,晟鈦,0年,平均值利率是：0%,平均股價是：0千,平均盈餘是：0千
3231,緯創,5年,平均值利率是：5.587%,平均股價是：22.86千,平均盈餘是：1.254千
3257,虹冠電,5年,平均值利率是：3.181%,平均股價是：45.04千,平均盈餘是：1.21千
3266,昇陽,1年,平均值利率是：3.571%,平均股價是：14.0千,平均盈餘是：0.5千
3296,勝德,1年,平均值利率是：3.689%,平均股價是：15.45千,平均盈餘是：0.57千
3305,昇貿,5年,平均值利率是：4.509%,平均股價是：23.84千,平均盈餘是：1.12千
3308,聯德,0年,平均值利率是：0%,平均股價是：0千,平均盈餘是：0千
3311,閎暉,0年,平均值利率是：0%,平均股價是：0千,平均盈餘是：0千
3312,弘憶股,1年,平均值利率是：4.138%,平均股價是：14.5千,平均盈餘是：0.6千
3321,同泰,0年,平均值利率是：0%,平均股價是：0千,平均盈餘是：0千
3338,泰碩,5年,平均值利率是：5.181%,平均股價是：31.58千,平均盈餘是：1.442千
3346,麗清,3年,平均值利率是：4.401%,平均股價是：54.233千,平均盈餘是：2.333千
3356,奇偶,0年,平均值利率是：0%,平均股價是：0千,平均盈餘是：0千
3376,新日興,5年,平均值利率是：1.834%,平均股價是：95.66千,平均盈餘是：1.738千
3380,明泰,5年,平均值利率是：3.776%,平均股價是：20.1千,平均盈餘是：0.748千
3383,新世紀,0年,平均值利率是：0%,平均股價是：0千,平均盈餘是：0千
3406,玉晶光,2年,平均值利率是：0.8%,平均股價是：438.75千,平均盈餘是：3.5千
3413,京鼎,4年,平均值利率是：4.22%,平均股價是：134.525千,平均盈餘是：5.25千
3416,融程電,5年,平均值利率是：5.479%,平均股價是：52.54千,平均盈餘是：2.84千
3419,譁裕,0年,平均值利率是：0%,平均股價是：0千,平均盈餘是：0千
3432,台端,5年,平均值利率是：1.279%,平均股價是：13.69千,平均盈餘是：0.16千
3437,榮創,0年,平均值利率是：0%,平均股價是：0千,平均盈餘是：0千
3443,創意,5年,平均值利率是：3.151%,平均股價是：144.86千,平均盈餘是：3.9千
3450,聯鈞,5年,平均值利率是：4.615%,平均股價是：102.36千,平均盈餘是：4.7千
3454,晶睿,5年,平均值利率是：4.853%,平均股價是：84.58千,平均盈餘是：3.95千
3481,群創,5年,平均值利率是：3.17%,平均股價是：11.54千,平均盈餘是：0.372千
3494,誠研,0年,平均值利率是：0%,平均股價是：0千,平均盈餘是：0千
3501,維熹,5年,平均值利率是：7.223%,平均股價是：47.76千,平均盈餘是：3.46千
3504,揚明光,1年,平均值利率是：0.522%,平均股價是：95.7千,平均盈餘是：0.5千
3515,華擎,5年,平均值利率是：5.619%,平均股價是：58.53千,平均盈餘是：2.9千
3518,柏騰,0年,平均值利率是：0%,平均股價是：0千,平均盈餘是：0千
3528,安馳,5年,平均值利率是：6.951%,平均股價是：33.89千,平均盈餘是：2.34千
3530,晶相光,1年,平均值利率是：2.494%,平均股價是：80.2千,平均盈餘是：2.0千
3532,台勝科,5年,平均值利率是：3.369%,平均股價是：82.3千,平均盈餘是：2.77千
3533,嘉澤,5年,平均值利率是：3.954%,平均股價是：160.64千,平均盈餘是：5.64千
3535,晶彩科,0年,平均值利率是：0%,平均股價是：0千,平均盈餘是：0千
3536,誠創,0年,平均值利率是：0%,平均股價是：0千,平均盈餘是：0千
3545,敦泰,5年,平均值利率是：1.099%,平均股價是：27.92千,平均盈餘是：0.34千
3550,聯穎,5年,平均值利率是：6.763%,平均股價是：15.62千,平均盈餘是：1.05千
3557,嘉威,0年,平均值利率是：0%,平均股價是：0千,平均盈餘是：0千
3563,牧德,5年,平均值利率是：2.951%,平均股價是：204.06千,平均盈餘是：8.42千
3576,聯合再生,0年,平均值利率是：0%,平均股價是：0千,平均盈餘是：0千
3583,辛耘,5年,平均值利率是：2.768%,平均股價是：66.34千,平均盈餘是：1.808千
3588,通嘉,5年,平均值利率是：4.205%,平均股價是：24.91千,平均盈餘是：0.996千
3591,艾笛森,1年,平均值利率是：0.0%,平均股價是：14.15千,平均盈餘是：0.0千
3593,力銘,0年,平均值利率是：0%,平均股價是：0千,平均盈餘是：0千
3596,智易,5年,平均值利率是：5.142%,平均股價是：60.09千,平均盈餘是：2.46千
3605,宏致,5年,平均值利率是：2.988%,平均股價是：23.15千,平均盈餘是：0.66千
3607,谷崧,5年,平均值利率是：3.405%,平均股價是：35.68千,平均盈餘是：1.67千
3617,碩天,5年,平均值利率是：5.501%,平均股價是：89.36千,平均盈餘是：4.756千
3622,洋華,2年,平均值利率是：1.404%,平均股價是：17.475千,平均盈餘是：0.25千
3645,達邁,5年,平均值利率是：2.737%,平均股價是：46.39千,平均盈餘是：1.24千
3653,健策,5年,平均值利率是：4.383%,平均股價是：72.08千,平均盈餘是：2.766千
3661,世芯-KY,2年,平均值利率是：1.134%,平均股價是：114.25千,平均盈餘是：1.3千
3665,貿聯-KY,5年,平均值利率是：3.234%,平均股價是：194.4千,平均盈餘是：6.202千
3669,圓展,5年,平均值利率是：2.36%,平均股價是：19.16千,平均盈餘是：0.458千
3673,TPK-KY,0年,平均值利率是：0%,平均股價是：0千,平均盈餘是：0千
3679,新至陞,5年,平均值利率是：6.646%,平均股價是：58.26千,平均盈餘是：3.772千
3682,亞太電,0年,平均值利率是：0%,平均股價是：0千,平均盈餘是：0千
3686,達能,0年,平均值利率是：0%,平均股價是：0千,平均盈餘是：0千
3694,海華,0年,平均值利率是：0%,平均股價是：0千,平均盈餘是：0千
3698,隆達,2年,平均值利率是：0.2%,平均股價是：16.25千,平均盈餘是：0.03千
3701,大眾控,0年,平均值利率是：0%,平均股價是：0千,平均盈餘是：0千
3702,大聯大,5年,平均值利率是：6.547%,平均股價是：37.9千,平均盈餘是：2.458千
3703,欣陸,4年,平均值利率是：4.877%,平均股價是：12.663千,平均盈餘是：0.625千
3704,合勤控,0年,平均值利率是：0%,平均股價是：0千,平均盈餘是：0千
3705,永信,5年,平均值利率是：4.581%,平均股價是：43.67千,平均盈餘是：2.0千
3706,神達,5年,平均值利率是：4.965%,平均股價是：30.04千,平均盈餘是：1.516千
3708,上緯投控,3年,平均值利率是：2.089%,平均股價是：79.3千,平均盈餘是：1.667千
3711,日月光投控,2年,平均值利率是：1.883%,平均股價是：71.2千,平均盈餘是：1.25千
3712,永崴投控,1年,平均值利率是：0.0%,平均股價是：21.3千,平均盈餘是：0.0千
4104,佳醫,5年,平均值利率是：5.464%,平均股價是：48.22千,平均盈餘是：2.636千
4106,雃博,5年,平均值利率是：2.645%,平均股價是：32.35千,平均盈餘是：0.85千
4108,懷特,0年,平均值利率是：0%,平均股價是：0千,平均盈餘是：0千
4119,旭富,5年,平均值利率是：4.482%,平均股價是：79.04千,平均盈餘是：3.5千
4133,亞諾法,5年,平均值利率是：1.934%,平均股價是：32.04千,平均盈餘是：0.604千
4137,麗豐-KY,5年,平均值利率是：4.251%,平均股價是：213.3千,平均盈餘是：8.406千
4141,龍燈-KY,0年,平均值利率是：0%,平均股價是：0千,平均盈餘是：0千
4142,國光生,0年,平均值利率是：0%,平均股價是：0千,平均盈餘是：0千
4144,康聯-KY,5年,平均值利率是：3.212%,平均股價是：42.87千,平均盈餘是：1.528千
4148 ,全宇生技-KY,2年,平均值利率是：3.602%,平均股價是：80.8千,平均盈餘是：2.525千
4155,訊映,2年,平均值利率是：7.031%,平均股價是：26.85千,平均盈餘是：1.885千
4164,承業醫,5年,平均值利率是：3.647%,平均股價是：42.99千,平均盈餘是：1.578千
4190,佐登-KY,4年,平均值利率是：4.2%,平均股價是：99.3千,平均盈餘是：3.875千
4306,炎洲,5年,平均值利率是：2.413%,平均股價是：13.67千,平均盈餘是：0.34千
4414,如興,0年,平均值利率是：0%,平均股價是：0千,平均盈餘是：0千
4426,利勤,5年,平均值利率是：0.685%,平均股價是：84.59千,平均盈餘是：0.512千
4438,廣越,3年,平均值利率是：3.752%,平均股價是：148.5千,平均盈餘是：5.587千
4526,東台,1年,平均值利率是：1.667%,平均股價是：18.0千,平均盈餘是：0.3千
4532,瑞智,5年,平均值利率是：6.359%,平均股價是：27.71千,平均盈餘是：1.766千
4536,拓凱,5年,平均值利率是：4.312%,平均股價是：115.16千,平均盈餘是：4.8千
4540,全球傳動,1年,平均值利率是：5.114%,平均股價是：70.4千,平均盈餘是：3.6千
4545,銘鈺,4年,平均值利率是：4.258%,平均股價是：36.525千,平均盈餘是：1.975千
4551,智伸科,4年,平均值利率是：3.201%,平均股價是：136.875千,平均盈餘是：4.325千
4552,力達-KY,0年,平均值利率是：0%,平均股價是：0千,平均盈餘是：0千
4555,氣立,4年,平均值利率是：3.676%,平均股價是：61.925千,平均盈餘是：2.275千
4557,永新-KY,4年,平均值利率是：7.151%,平均股價是：72.225千,平均盈餘是：5.145千
4560,強信-KY,3年,平均值利率是：4.207%,平均股價是：50.283千,平均盈餘是：2.12千
4562,穎漢,2年,平均值利率是：5.032%,平均股價是：34.6千,平均盈餘是：1.75千
4564,元翎,1年,平均值利率是：4.505%,平均股價是：55.5千,平均盈餘是：2.5千
4566,時碩工業,2年,平均值利率是：4.743%,平均股價是：46.1千,平均盈餘是：2.19千
4572,駐龍,0年,平均值利率是：0%,平均股價是：0千,平均盈餘是：0千
4576,大銀微系統,0年,平均值利率是：0%,平均股價是：0千,平均盈餘是：0千
4720,德淵,5年,平均值利率是：3.042%,平均股價是：14.39千,平均盈餘是：0.45千
4722,國精化,5年,平均值利率是：6.735%,平均股價是：29.74千,平均盈餘是：2.02千
4725,信昌化,0年,平均值利率是：0%,平均股價是：0千,平均盈餘是：0千
4737,華廣,5年,平均值利率是：2.641%,平均股價是：52.25千,平均盈餘是：1.422千
4739,康普,5年,平均值利率是：3.186%,平均股價是：71.91千,平均盈餘是：2.298千
4746,台耀,5年,平均值利率是：3.002%,平均股價是：62.66千,平均盈餘是：1.868千
4755,三福化,5年,平均值利率是：4.583%,平均股價是：35.67千,平均盈餘是：1.72千
4763,材料-KY,4年,平均值利率是：3.578%,平均股價是：136.125千,平均盈餘是：4.75千
4764,雙鍵,2年,平均值利率是：5.242%,平均股價是：75.55千,平均盈餘是：3.85千
4766,南寶,1年,平均值利率是：2.915%,平均股價是：171.5千,平均盈餘是：5.0千
4807,日成-KY,3年,平均值利率是：7.555%,平均股價是：51.583千,平均盈餘是：3.333千
4904,遠傳,5年,平均值利率是：4.407%,平均股價是：73.96千,平均盈餘是：3.252千
4906,正文,0年,平均值利率是：0%,平均股價是：0千,平均盈餘是：0千
4912,聯德控股-KY,5年,平均值利率是：3.966%,平均股價是：137.3千,平均盈餘是：3.9千
4915,致伸,5年,平均值利率是：4.873%,平均股價是：49.79千,平均盈餘是：2.4千
4916,事欣科,5年,平均值利率是：2.137%,平均股價是：32.76千,平均盈餘是：0.674千
4919,新唐,5年,平均值利率是：4.909%,平均股價是：43.13千,平均盈餘是：2.08千
4927,泰鼎-KY,1年,平均值利率是：4.556%,平均股價是：54.0千,平均盈餘是：2.46千
4930,燦星網,0年,平均值利率是：0%,平均股價是：0千,平均盈餘是：0千
4934,太極,0年,平均值利率是：0%,平均股價是：0千,平均盈餘是：0千
4935,茂林-KY,5年,平均值利率是：4.135%,平均股價是：51.19千,平均盈餘是：2.06千
4938,和碩,5年,平均值利率是：5.916%,平均股價是：74.14千,平均盈餘是：4.3千
4942,嘉彰,5年,平均值利率是：6.346%,平均股價是：25.54千,平均盈餘是：1.592千
4943,康控-KY,3年,平均值利率是：1.925%,平均股價是：210.833千,平均盈餘是：3.883千
4952,凌通,5年,平均值利率是：7.91%,平均股價是：36.37千,平均盈餘是：2.878千
4956,光鋐,0年,平均值利率是：0%,平均股價是：0千,平均盈餘是：0千
4958,臻鼎-KY,5年,平均值利率是：4.741%,平均股價是：78.36千,平均盈餘是：3.626千
4960,誠美材,0年,平均值利率是：0%,平均股價是：0千,平均盈餘是：0千
4961,天鈺,1年,平均值利率是：3.299%,平均股價是：39.4千,平均盈餘是：1.3千
4967,十銓,0年,平均值利率是：0%,平均股價是：0千,平均盈餘是：0千
4968,立積,4年,平均值利率是：1.262%,平均股價是：80.4千,平均盈餘是：1.062千
4976,佳凌,0年,平均值利率是：0%,平均股價是：0千,平均盈餘是：0千
4977,眾達-KY,5年,平均值利率是：5.419%,平均股價是：79.58千,平均盈餘是：4.176千
4989,榮科,2年,平均值利率是：8.318%,平均股價是：28.05千,平均盈餘是：2.4千
4994,傳奇,0年,平均值利率是：0%,平均股價是：0千,平均盈餘是：0千
4999,鑫禾,5年,平均值利率是：6.91%,平均股價是：46.67千,平均盈餘是：3.2千
5007,三星,5年,平均值利率是：4.697%,平均股價是：56.18千,平均盈餘是：2.6千
5203,訊連,5年,平均值利率是：5.314%,平均股價是：68.36千,平均盈餘是：3.472千
5215,科嘉-KY,5年,平均值利率是：7.598%,平均股價是：32.72千,平均盈餘是：2.5千
5225,東科-KY,5年,平均值利率是：5.281%,平均股價是：37.42千,平均盈餘是：2.226千
5234,達興材料,5年,平均值利率是：5.925%,平均股價是：55.49千,平均盈餘是：3.14千
5243,乙盛-KY,5年,平均值利率是：4.655%,平均股價是：36.18千,平均盈餘是：1.5
5258,虹堡,0年,平均值利率是：0%,平均股價是：0千,平均盈餘是：0千
5259,奕智博,0年,平均值利率是：0%,平均股價是：0千,平均盈餘是：0千
5264,鎧勝-KY,5年,平均值利率是：4.886%,平均股價是：84.74千,平均盈餘是：4.54千
5269,祥碩,5年,平均值利率是：1.866%,平均股價是：318.8千,平均盈餘是：5.7千
5283,禾聯碩,1年,平均值利率是：9.231%,平均股價是：97.5千,平均盈餘是：9.0千
5284,jpp-KY,5年,平均值利率是：4.682%,平均股價是：58.96千,平均盈餘是：2.762千
5285,界霖,5年,平均值利率是：4.852%,平均股價是：48.69千,平均盈餘是：2.31千
5288,豐祥-KY,5年,平均值利率是：4.743%,平均股價是：94.22千,平均盈餘是：4.302千
5305,敦南,5年,平均值利率是：5.146%,平均股價是：28.56千,平均盈餘是：1.44千
5388,中磊,5年,平均值利率是：5.06%,平均股價是：68.02千,平均盈餘是：3.458千
5434,崇越,5年,平均值利率是：6.159%,平均股價是：73.21千,平均盈餘是：4.42千
5469,瀚宇博,5年,平均值利率是：3.706%,平均股價是：18.47千,平均盈餘是：0.64千
5471,松翰,5年,平均值利率是：5.886%,平均股價是：32.0千,平均盈餘是：1.924千
5484,慧友,0年,平均值利率是：0%,平均股價是：0千,平均盈餘是：0千
5515,建國,5年,平均值利率是：5.434%,平均股價是：9.358千,平均盈餘是：0.502千
5519,隆大,5年,平均值利率是：4.827%,平均股價是：12.48千,平均盈餘是：0.61千
5521,工信,0年,平均值利率是：0%,平均股價是：0千,平均盈餘是：0千
5522,遠雄,5年,平均值利率是：9.743%,平均股價是：34.26千,平均盈餘是：3.32千
5525,順天,5年,平均值利率是：6.9%,平均股價是：17.64千,平均盈餘是：1.24千
5531,鄉林,0年,平均值利率是：0%,平均股價是：0千,平均盈餘是：0千
5533,皇鼎,5年,平均值利率是：3.96%,平均股價是：16.01千,平均盈餘是：0.63千
5534,長虹,5年,平均值利率是：7.715%,平均股價是：64.93千,平均盈餘是：5.056千
5538,東明-KY,5年,平均值利率是：6.255%,平均股價是：30.83千,平均盈餘是：1.94千
5607,遠雄港,2年,平均值利率是：1.508%,平均股價是：19.35千,平均盈餘是：0.3千
5608,四維航,0年,平均值利率是：0%,平均股價是：0千,平均盈餘是：0千
5706,鳳凰,5年,平均值利率是：6.109%,平均股價是：34.8千,平均盈餘是：2.136千
5871,中租-KY,5年,平均值利率是：4.18%,平均股價是：87.66千,平均盈餘是：3.46千
5876,上海商銀,1年,平均值利率是：3.61%,平均股價是：55.4千,平均盈餘是：2.0千
5880,合庫金,5年,平均值利率是：3.739%,平均股價是：16.09千,平均盈餘是：0.61千
5906,台南-KY,0年,平均值利率是：0%,平均股價是：0千,平均盈餘是：0千
5907,大洋-KY,5年,平均值利率是：4.829%,平均股價是：28.81千,平均盈餘是：1.476千
6005,群益證,5年,平均值利率是：4.613%,平均股價是：9.166千,平均盈餘是：0.412千
6024,群益期,5年,平均值利率是：6.278%,平均股價是：41.0千,平均盈餘是：2.49千
6108,競國,3年,平均值利率是：7.245%,平均股價是：26.617千,平均盈餘是：1.95千
6112,聚碩,5年,平均值利率是：5.504%,平均股價是：29.41千,平均盈餘是：1.6千
6115,鎰勝,5年,平均值利率是：7.303%,平均股價是：40.77千,平均盈餘是：2.976千
6116,彩晶,3年,平均值利率是：5.048%,平均股價是：8.567千,平均盈餘是：0.433千
6117,迎廣,0年,平均值利率是：0%,平均股價是：0千,平均盈餘是：0千
6120,達運,5年,平均值利率是：2.603%,平均股價是：16.54千,平均盈餘是：0.378千
6128,上福,5年,平均值利率是：6.247%,平均股價是：35.49千,平均盈餘是：2.22千
6131,悠克,0年,平均值利率是：0%,平均股價是：0千,平均盈餘是：0千
6133,金橋,5年,平均值利率是：1.907%,平均股價是：9.416千,平均盈餘是：0.178千
6136,富爾特,5年,平均值利率是：7.437%,平均股價是：22.31千,平均盈餘是：1.664千
6139,亞翔,5年,平均值利率是：4.592%,平均股價是：26.62千,平均盈餘是：1.222千
6141,柏承,5年,平均值利率是：0.962%,平均股價是：15.672千,平均盈餘是：0.16千
6142,友勁,0年,平均值利率是：0%,平均股價是：0千,平均盈餘是：0千
6152,百一,0年,平均值利率是：0%,平均股價是：0千,平均盈餘是：0千
6153,嘉聯益,5年,平均值利率是：2.356%,平均股價是：29.36千,平均盈餘是：0.526千
6155,鈞寶,5年,平均值利率是：4.608%,平均股價是：23.93千,平均盈餘是：0.92千
6164,華興,5年,平均值利率是：4.492%,平均股價是：11.354千,平均盈餘是：0.548千
6165,捷泰,0年,平均值利率是：0%,平均股價是：0千,平均盈餘是：0千
6166,凌華,5年,平均值利率是：2.908%,平均股價是：59.87千,平均盈餘是：1.72千
6168,宏齊,2年,平均值利率是：6.771%,平均股價是：14.8千,平均盈餘是：0.99千
6172,互億,0年,平均值利率是：0%,平均股價是：0千,平均盈餘是：0千
6176,瑞儀,5年,平均值利率是：7.348%,平均股價是：73.92千,平均盈餘是：5.26千
6177,達麗,5年,平均值利率是：11.048%,平均股價是：25.47千,平均盈餘是：2.778千
6183,關貿,5年,平均值利率是：4.622%,平均股價是：28.98千,平均盈餘是：1.336千
6184,大豐電,5年,平均值利率是：3.024%,平均股價是：37.57千,平均盈餘是：1.184千
6189,豐藝,5年,平均值利率是：8.168%,平均股價是：30.62千,平均盈餘是：2.524千
6191,精成科,3年,平均值利率是：3.252%,平均股價是：13.6千,平均盈餘是：0.433千
6192,巨路,5年,平均值利率是：5.112%,平均股價是：58.54千,平均盈餘是：2.92千
6196,帆宣,5年,平均值利率是：6.063%,平均股價是：42.34千,平均盈餘是：2.31千
6197,佳必琪,2年,平均值利率是：4.753%,平均股價是：27.65千,平均盈餘是：1.31千
6201,亞弘電,5年,平均值利率是：7.803%,平均股價是：29.54千,平均盈餘是：2.32千
6202,盛群,5年,平均值利率是：6.118%,平均股價是：57.48千,平均盈餘是：3.436千
6205,詮欣,5年,平均值利率是：6.522%,平均股價是：27.63千,平均盈餘是：1.78千
6206,飛捷,5年,平均值利率是：5.824%,平均股價是：89.24千,平均盈餘是：5.19千
6209,今國光,0年,平均值利率是：0%,平均股價是：0千,平均盈餘是：0千
6213,聯茂,5年,平均值利率是：5.079%,平均股價是：55.12千,平均盈餘是：2.444千
6214,精誠,5年,平均值利率是：4.502%,平均股價是：60.76千,平均盈餘是：2.758千
6215,和椿,5年,平均值利率是：3.556%,平均股價是：16.23千,平均盈餘是：0.57千
6216,居易,5年,平均值利率是：8.318%,平均股價是：27.34千,平均盈餘是：2.276千
6224,聚鼎,5年,平均值利率是：6.56%,平均股價是：61.06千,平均盈餘是：3.96千
6225,天瀚,0年,平均值利率是：0%,平均股價是：0千,平均盈餘是：0千
6226,光鼎,3年,平均值利率是：0.778%,平均股價是：8.55千,平均盈餘是：0.067千
6230,超眾,5年,平均值利率是：4.916%,平均股價是：135.46千,平均盈餘是：5.13千
6235,華孚,0年,平均值利率是：0%,平均股價是：0千,平均盈餘是：0千
6239,力成,5年,平均值利率是：4.859%,平均股價是：75.92千,平均盈餘是：3.616千
6243,迅杰,0年,平均值利率是：0%,平均股價是：0千,平均盈餘是：0千
6251,定穎,0年,平均值利率是：0%,平均股價是：0千,平均盈餘是：0千
6257,矽格,5年,平均值利率是：4.704%,平均股價是：27.56千,平均盈餘是：1.3千
6269,台郡,5年,平均值利率是：2.914%,平均股價是：101.2千,平均盈餘是：2.914千
6271,同欣電,5年,平均值利率是：5.509%,平均股價是：107.94千,平均盈餘是：5.696千
6277,宏正,5年,平均值利率是：7.321%,平均股價是：82.34千,平均盈餘是：6.04千
6278,台表科,5年,平均值利率是：4.435%,平均股價是：34.57千,平均盈餘是：1.32千
6281,全國電,5年,平均值利率是：6.397%,平均股價是：61.3千,平均盈餘是：3.92千
6282,康舒,5年,平均值利率是：5.154%,平均股價是：20.85千,平均盈餘是：1.016千
6283,淳安,0年,平均值利率是：0%,平均股價是：0千,平均盈餘是：0千
6285,啟碁,5年,平均值利率是：4.476%,平均股價是：77.34千,平均盈餘是：3.454千
6288,聯嘉,2年,平均值利率是：2.238%,平均股價是：20.325千,平均盈餘是：0.45千
6289,華上,0年,平均值利率是：0%,平均股價是：0千,平均盈餘是：0千
6405,悅城,3年,平均值利率是：1.515%,平均股價是：16.433千,平均盈餘是：0.267千
6409,旭隼,5年,平均值利率是：3.048%,平均股價是：497.7千,平均盈餘是：15.16千
6412,群電,5年,平均值利率是：5.466%,平均股價是：47.32千,平均盈餘是：2.506千
6414,樺漢,5年,平均值利率是：2.208%,平均股價是：358.9千,平均盈餘是：7.66千
6415,矽力-KY,5年,平均值利率是：0.884%,平均股價是：534.5千,平均盈餘是：4.68千
6416,瑞祺電通,2年,平均值利率是：3.485%,平均股價是：110.9千,平均盈餘是：3.515千
6431,光麗-KY,0年,平均值利率是：0%,平均股價是：0千,平均盈餘是：0千
6442,光聖,4年,平均值利率是：5.799%,平均股價是：41.438千,平均盈餘是：2.45千
6443,元晶,0年,平均值利率是：0%,平均股價是：0千,平均盈餘是：0千
6449,鈺邦,5年,平均值利率是：4.818%,平均股價是：33.64千,平均盈餘是：1.568千
6451,訊芯-KY,5年,平均值利率是：3.869%,平均股價是：122.3千,平均盈餘是：4.434千
6452,康友-KY,0年,平均值利率是：0%,平均股價是：0千,平均盈餘是：0千
6456,GIS-KY,4年,平均值利率是：3.569%,平均股價是：146.425千,平均盈餘是：5.0千
6464,台數科,4年,平均值利率是：2.682%,平均股價是：115.0千,平均盈餘是：3.15千
6477,安集,4年,平均值利率是：1.848%,平均股價是：19.425千,平均盈餘是：0.392千
6504,南六,5年,平均值利率是：2.72%,平均股價是：156.7千,平均盈餘是：4.2千
6505,台塑化,5年,平均值利率是：4.149%,平均股價是：101.3千,平均盈餘是：4.39千
6525,捷敏-KY,4年,平均值利率是：5.521%,平均股價是：65.3千,平均盈餘是：3.525千
6531,愛普,4年,平均值利率是：3.062%,平均股價是：63.287千,平均盈餘是：2.123千
6533,晶心科,1年,平均值利率是：0.551%,平均股價是：127.0千,平均盈餘是：0.7千
6541,泰福-KY,0年,平均值利率是：0%,平均股價是：0千,平均盈餘是：0千
6552,易華電,3年,平均值利率是：1.651%,平均股價是：64.967千,平均盈餘是：1.017千
6558,興能高,1年,平均值利率是：1.905%,平均股價是：63.0千,平均盈餘是：1.2千
6573,虹揚-KY,2年,平均值利率是：1.602%,平均股價是：35.225千,平均盈餘是：0.625千
6579,研揚,3年,平均值利率是：4.782%,平均股價是：92.9千,平均盈餘是：4.373千
6581,鋼聯,2年,平均值利率是：5.296%,平均股價是：97.9千,平均盈餘是：5.165千
6582,申豐,3年,平均值利率是：6.468%,平均股價是：55.7千,平均盈餘是：3.567千
6591,動力-KY,2年,平均值利率是：3.244%,平均股價是：55.525千,平均盈餘是：1.75千
6605,帝寶,5年,平均值利率是：3.649%,平均股價是：81.84千,平均盈餘是：2.96千
6625,必應,2年,平均值利率是：2.148%,平均股價是：47.075千,平均盈餘是：1.0千
6641,基士德-KY,1年,平均值利率是：6.09%,平均股價是：62.4千,平均盈餘是：3.8千
6655,科定,1年,平均值利率是：1.02%,平均股價是：49.0千,平均盈餘是：0.5千
6666,羅麗芬-KY,1年,平均值利率是：3.5%,平均股價是：200.0千,平均盈餘是：7.0千
6668,中揚光,1年,平均值利率是：1.605%,平均股價是：62.3千,平均盈餘是：1.0千
6669,緯穎,1年,平均值利率是：4.699%,平均股價是：340.5千,平均盈餘是：16.0千
6670,復盛應用,1年,平均值利率是：5.851%,平均股價是：188.0千,平均盈餘是：11.0千
6671,三能-KY,1年,平均值利率是：6.749%,平均股價是：44.45千,平均盈餘是：3.0千
6672,騰輝電子-KY,1年,平均值利率是：4.334%,平均股價是：77.3千,平均盈餘是：3.35千
6674,鋐寶科技,1年,平均值利率是：5.96%,平均股價是：30.2千,平均盈餘是：1.8千
8011,台通,0年,平均值利率是：0%,平均股價是：0千,平均盈餘是：0千
8016,矽創,5年,平均值利率是：5.002%,平均股價是：106.96千,平均盈餘是：5.2千
8021,尖點,5年,平均值利率是：4.895%,平均股價是：20.92千,平均盈餘是：1.018千
8028,昇陽半導體,1年,平均值利率是：3.708%,平均股價是：43.15千,平均盈餘是：1.6千
8033,雷虎,0年,平均值利率是：0%,平均股價是：0千,平均盈餘是：0千
8039,台虹,5年,平均值利率是：6.3%,平均股價是：38.33千,平均盈餘是：2.3千
8046,南電,5年,平均值利率是：1.494%,平均股價是：30.57千,平均盈餘是：0.46千
8070,長華,5年,平均值利率是：6.814%,平均股價是：126.2千,平均盈餘是：8.7千
8072,陞泰,5年,平均值利率是：3.479%,平均股價是：22.09千,平均盈餘是：0.786千
8081,致新,5年,平均值利率是：6.466%,平均股價是：72.86千,平均盈餘是：4.66千
8101,華冠,0年,平均值利率是：0%,平均股價是：0千,平均盈餘是：0千
8103,瀚荃,5年,平均值利率是：5.143%,平均股價是：26.56千,平均盈餘是：1.406千
8104,錸寶,1年,平均值利率是：5.505%,平均股價是：54.5千,平均盈餘是：3.0千
8105,凌巨,0年,平均值利率是：0%,平均股價是：0千,平均盈餘是：0千
8110,華東,5年,平均值利率是：3.604%,平均股價是：10.756千,平均盈餘是：0.392千
8112,至上,5年,平均值利率是：8.169%,平均股價是：24.54千,平均盈餘是：2.064千
8114,振樺電,5年,平均值利率是：5.16%,平均股價是：133.1千,平均盈餘是：6.866千
8131,福懋科,5年,平均值利率是：7.79%,平均股價是：27.07千,平均盈餘是：2.08千
8150,南茂,1年,平均值利率是：4.436%,平均股價是：27.05千,平均盈餘是：1.2千
8163,達方,5年,平均值利率是：5.757%,平均股價是：34.94千,平均盈餘是：1.702千
8201,無敵,0年,平均值利率是：0%,平均股價是：0千,平均盈餘是：0千
8210,勤誠,5年,平均值利率是：6.462%,平均股價是：49.69千,平均盈餘是：3.12千
8213,志超,5年,平均值利率是：6.576%,平均股價是：32.01千,平均盈餘是：2.138千
8215,明基材,2年,平均值利率是：3.693%,平均股價是：21.15千,平均盈餘是：0.75千
8222,寶一,5年,平均值利率是：2.592%,平均股價是：22.58千,平均盈餘是：0.58千
8249,菱光,5年,平均值利率是：7.749%,平均股價是：21.34千,平均盈餘是：1.64千
8261,富鼎,5年,平均值利率是：2.709%,平均股價是：29.21千,平均盈餘是：0.71千
8271,宇瞻,5年,平均值利率是：7.213%,平均股價是：31.5千,平均盈餘是：2.192千
8341,日友,5年,平均值利率是：2.641%,平均股價是：173.06千,平均盈餘是：4.54千
8367,建新國際,1年,平均值利率是：4.64%,平均股價是：21.55千,平均盈餘是：1.0千
8374,羅昇,3年,平均值利率是：1.652%,平均股價是：21.667千,平均盈餘是：0.367千
8404,百和興業-KY,5年,平均值利率是：1.363%,平均股價是：41.66千,平均盈餘是：0.44千
8411,福貞-KY,0年,平均值利率是：0%,平均股價是：0千,平均盈餘是：0千
8422,可寧衛,5年,平均值利率是：5.966%,平均股價是：169.7千,平均盈餘是：10.1千
8427,基勝-KY,0年,平均值利率是：0%,平均股價是：0千,平均盈餘是：0千
8429,金麗-KY,5年,平均值利率是：1.199%,平均股價是：32.74千,平均盈餘是：0.412千
8442,威宏-KY,1年,平均值利率是：2.655%,平均股價是：56.5千,平均盈餘是：1.5千
8443,阿瘦,5年,平均值利率是：3.863%,平均股價是：17.42千,平均盈餘是：0.79千
8454,富邦媒,5年,平均值利率是：2.94%,平均股價是：240.0千,平均盈餘是：7.024千
8462,柏文,4年,平均值利率是：1.542%,平均股價是：152.0千,平均盈餘是：2.415千
8463,潤泰材,4年,平均值利率是：4.483%,平均股價是：21.312千,平均盈餘是：0.907千
8464,億豐,4年,平均值利率是：3.454%,平均股價是：283.375千,平均盈餘是：9.52千
8466,美喆-KY,3年,平均值利率是：6.757%,平均股價是：81.167千,平均盈餘是：5.333千
8467,波力-KY,4年,平均值利率是：3.817%,平均股價是：39.787千,平均盈餘是：1.478千
8473,山林水,3年,平均值利率是：4.761%,平均股價是：60.433千,平均盈餘是：2.853千
8478,東哥遊艇,2年,平均值利率是：4.692%,平均股價是：43.575千,平均盈餘是：2.035千
8480,泰昇-KY,3年,平均值利率是：4.111%,平均股價是：124.167千,平均盈餘是：5.1千
8481,政伸,3年,平均值利率是：5.816%,平均股價是：46.133千,平均盈餘是：2.633千
8482,商億-KY,1年,平均值利率是：5.97%,平均股價是：134.0千,平均盈餘是：8.0千
8488,吉源-KY,3年,平均值利率是：0.28%,平均股價是：25.7千,平均盈餘是：0.067千
8497,格威傳媒,2年,平均值利率是：6.215%,平均股價是：46.1千,平均盈餘是：2.895千
8499,鼎炫-KY,2年,平均值利率是：5.332%,平均股價是：104.5千,平均盈餘是：5.025千
8926,台汽電,5年,平均值利率是：5.642%,平均股價是：24.45千,平均盈餘是：1.38千
8940,新天地,0年,平均值利率是：0%,平均股價是：0千,平均盈餘是：0千
8996,高力,5年,平均值利率是：3.701%,平均股價是：46.45千,平均盈餘是：1.67千
9802,鈺齊-KY,5年,平均值利率是：4.752%,平均股價是：66.1千,平均盈餘是：3.078千
9902,台火,1年,平均值利率是：3.125%,平均股價是：9.6千,平均盈餘是：0.3千
9904,寶成,5年,平均值利率是：4.184%,平均股價是：38.86千,平均盈餘是：1.6千
9905,大華,5年,平均值利率是：5.921%,平均股價是：25.83千,平均盈餘是：1.54千
9906,欣巴巴,0年,平均值利率是：0%,平均股價是：0千,平均盈餘是：0千
9907,統一實,5年,平均值利率是：3.056%,平均股價是：14.27千,平均盈餘是：0.424千
9908,大台北,5年,平均值利率是：4.169%,平均股價是：25.08千,平均盈餘是：1.04千
9910,豐泰,5年,平均值利率是：3.112%,平均股價是：168.5千,平均盈餘是：5.12千
9911,櫻花,5年,平均值利率是：6.05%,平均股價是：34.62千,平均盈餘是：2.07千
9912,偉聯,0年,平均值利率是：0%,平均股價是：0千,平均盈餘是：0千
9914,美利達,5年,平均值利率是：2.696%,平均股價是：161.1千,平均盈餘是：4.36千
9917,中保,5年,平均值利率是：4.287%,平均股價是：88.7千,平均盈餘是：3.8千
9918,欣天然,5年,平均值利率是：3.64%,平均股價是：31.89千,平均盈餘是：1.16千
9919,康那香,5年,平均值利率是：1.738%,平均股價是：11.18千,平均盈餘是：0.2千
9921,巨大,5年,平均值利率是：2.81%,平均股價是：187.5千,平均盈餘是：5.18千
9924,福興,5年,平均值利率是：6.009%,平均股價是：40.24千,平均盈餘是：2.4千
9925,新保,5年,平均值利率是：5.234%,平均股價是：37.8千,平均盈餘是：1.976千
9926,新海,5年,平均值利率是：3.607%,平均股價是：40.01千,平均盈餘是：1.44千
9927,泰銘,5年,平均值利率是：7.052%,平均股價是：32.36千,平均盈餘是：2.2
9928,中視,0年,平均值利率是：0%,平均股價是：0千,平均盈餘是：0千
9929,秋雨,0年,平均值利率是：0%,平均股價是：0千,平均盈餘是：0千
9930,中聯資源,5年,平均值利率是：4.606%,平均股價是：57.52千,平均盈餘是：2.7千
9931,欣高,5年,平均值利率是：3.804%,平均股價是：31.52千,平均盈餘是：1.2千
9933,中鼎,5年,平均值利率是：5.406%,平均股價是：47.04千,平均盈餘是：2.542千
9934,成霖,5年,平均值利率是：6.865%,平均股價是：15.89千,平均盈餘是：1.096千
9935,慶豐富,0年,平均值利率是：0%,平均股價是：0千,平均盈餘是：0千
9937,全國,5年,平均值利率是：4.34%,平均股價是：37.88千,平均盈餘是：1.66千
9938,百和,5年,平均值利率是：2.979%,平均股價是：88.76千,平均盈餘是：2.52千
9939,宏全,5年,平均值利率是：4.472%,平均股價是：51.48千,平均盈餘是：2.3千
9940,信義,5年,平均值利率是：4.084%,平均股價是：30.88千,平均盈餘是：1.3千
9941,裕融,5年,平均值利率是：5.642%,平均股價是：96.08千,平均盈餘是：5.206千
9942,茂順,5年,平均值利率是：5.065%,平均股價是：81.12千,平均盈餘是：4.08千
9943,好樂迪,5年,平均值利率是：7.667%,平均股價是：55.74千,平均盈餘是：4.28千
9944,新麗,0年,平均值利率是：0%,平均股價是：0千,平均盈餘是：0千
9945,潤泰新,2年,平均值利率是：3.04%,平均股價是：37.725千,平均盈餘是：1.0千
9946,三發地產,4年,平均值利率是：3.145%,平均股價是：15.15千,平均盈餘是：0.4千
9955,佳龍,0年,平均值利率是：0%,平均股價是：0千,平均盈餘是：0千
9958,世紀鋼,5年,平均值利率是：1.846%,平均股價是：34.64千,平均盈餘是：0.28千
1101B,台泥乙特,1年,平均值利率是：0.172%,平均股價是：52.4千,平均盈餘是：0.09千
1312A,國喬特,5年,平均值利率是：4.655%,平均股價是：27.26千,平均盈餘是：1.22千
2002A,中鋼特,5年,平均值利率是：3.337%,平均股價是：42.11千,平均盈餘是：1.4千
2838A,聯邦銀甲特,2年,平均值利率是：2.708%,平均股價是：52.05千,平均盈餘是：1.425千
2881A,富邦特,3年,平均值利率是：3.511%,平均股價是：62.867千,平均盈餘是：2.21千
2881B,富邦金乙特,1年,平均值利率是：2.743%,平均股價是：62.7千,平均盈餘是：1.72千
2882A,國泰特,3年,平均值利率是：2.531%,平均股價是：62.3千,平均盈餘是：1.57千
2882B,國泰金乙特,1年,平均值利率是：1.797%,平均股價是：61.2千,平均盈餘是：1.1千
2887E,台新戊特,3年,平均值利率是：3.048%,平均股價是：52.233千,平均盈餘是：1.597千
2887F,台新戊特二,1年,平均值利率是：0.33%,平均股價是：51.5千,平均盈餘是：0.17千
2891B,中信金乙特,2年,平均值利率是：1.824%,平均股價是：62.35千,平均盈餘是：1.145千
2897A,王道銀甲特,1年,平均值利率是：0.388%,平均股價是：10.3千,平均盈餘是：0.04千
9941A,裕融甲特,1年,平均值利率是：0.782%,平均股價是：53.7千,平均盈餘是：0.42千
0050,元大台灣50,5年,平均值利率是：1.645%,平均股價是：81.37千,平均盈餘是：1.32千
0051,元大中型100,5年,平均值利率是：2.997%,平均股價是：27.82千,平均盈餘是：0.83千
0052,富邦科技,5年,平均值利率是：4.392%,平均股價是：44.812千,平均盈餘是：1.816千
0053,元大電子,5年,平均值利率是：3.333%,平均股價是：30.416千,平均盈餘是：1.01千
0054,元大台商50,5年,平均值利率是：3.247%,平均股價是：21.682千,平均盈餘是：0.7千
0055,元大MSCI金融,5年,平均值利率是：3.201%,平均股價是：15.24千,平均盈餘是：0.49千
0056,元大高股息,5年,平均值利率是：4.813%,平均股價是：23.692千,平均盈餘是：1.14千
0057,富邦摩台,1年,平均值利率是：4.063%,平均股價是：41.35千,平均盈餘是：1.68千
0058,富邦發達,2年,平均值利率是：6.91%,平均股價是：30.395千,平均盈餘是：2.1千
0059,富邦金融,1年,平均值利率是：5.978%,平均股價是：23.25千,平均盈餘是：1.39千
006203,元大MSCI台灣,5年,平均值利率是：1.445%,平均股價是：37.832千,平均盈餘是：0.54千
006204,永豐臺灣加權,5年,平均值利率是：3.174%,平均股價是：46.944千,平均盈餘是：1.498千
006208,富邦台50,5年,平均值利率是：2.605%,平均股價是：46.572千,平均盈餘是：1.192千